Model,Split_Dir,LR,RNN_LR,LR_Display,Diff_LR,CNN_Frozen,Weight_Decay,Batch_Size,Seed,Params,Epochs,Best_Epoch,Early_Stop,Test_F1,Test_AUROC,Test_Accuracy,Test_Loss,Val_F1,Run_ID,Date,Device,User,Platform,Torch_Vers
cnn_lstm,data/splits,0.0001,,1.00e-04,False,False,0.0001,64,123,308420,46,36,True,0.7557371326138437,0.8447136559723191,0.7634486865612387,0.6762379939797558,0.7591378178535615,cnn_lstm_seed123_20251208_154930,2025-12-08T15:49:31.293353,cuda,tomra,Windows,2.9.1+cu128
cnn_lstm,data/splits,0.0001,,1.00e-04,False,False,0.0001,64,123,308420,60,50,True,0.7545282097924096,0.8402468736474968,0.7563025210084033,0.6752848892869577,0.761565158710739,cnn_lstm_seed123_20251211_003348,2025-12-11T00:33:48.596745,cuda,tomra,Windows,2.9.1+cu128
cnn_lstm,data/splits,0.0001,,1.00e-04,False,False,0.0001,64,1,308420,50,44,False,0.749972059278128,0.8378370280606461,0.7537219612254351,0.6850426109028265,0.7533104479170789,cnn_lstm_seed1_20251208_043520,2025-12-08T04:35:20.038463,cuda,tomra,Windows,2.9.1+cu128
cnn_lstm,data/splits,0.0001,,1.00e-04,False,False,0.0001,64,123,308420,50,43,False,0.7474204117422257,0.835676277359781,0.7484285052603719,0.6761672184468573,0.7514476935829005,cnn_lstm_seed123_20251208_120316,2025-12-08T12:03:16.998340,cuda,tomra,Windows,2.9.1+cu128
cnn_lstm_ln,data/splits,0.0001,,1.00e-04,False,False,0.0001,64,123,308676,50,50,False,0.7470448475911534,0.8382105394284018,0.7484946734599351,0.6697768655130129,0.7546737253379577,cnn_lstm_ln_seed123_20251208_120139,2025-12-08T12:01:40.903989,cuda,tomra,Windows,2.9.1+cu128
cnn_lstm,data/splits,0.0001,,1.00e-04,False,False,0.0001,64,456,308420,50,45,False,0.7436006849506048,0.8346643017681145,0.7442599086878846,0.6990226312905927,0.7480283914603946,cnn_lstm_seed456_20251208_160913,2025-12-08T16:09:13.926621,cuda,tomra,Windows,2.9.1+cu128
cnn_lstm_ln,data/splits,0.0001,,1.00e-04,False,False,0.0001,64,42,308676,58,43,True,0.7416966236560035,0.8330408228898712,0.7460464500760934,0.6926215442235459,0.7430000217709015,cnn_lstm_ln_seed42_20251211_004451,2025-12-11T00:44:51.118230,cuda,navak,Linux,2.8.0+cu128
cnn_lstm_ln,data/splits,0.0001,,1.00e-04,False,False,0.0001,64,264,308676,67,52,True,0.7384337800283447,0.8325826307307985,0.7390326209223848,0.6876440561584782,0.7439888517293181,cnn_lstm_ln_seed264_20251210_231949,2025-12-10T23:19:49.020858,cuda,navak,Linux,2.8.0+cu128
cnn_lstm_ln,data/splits,0.0001,,1.00e-04,False,False,0.0001,64,100,308676,54,39,True,0.7384078724998921,0.8312088804492884,0.7433997220935619,0.6953433019576697,0.7454863016387674,cnn_lstm_ln_seed100_20251211_001353,2025-12-11T00:13:53.361779,cuda,navak,Linux,2.8.0+cu128
cnn_lstm,data/splits,0.0001,,1.00e-04,False,False,0.0001,64,42,308420,47,37,True,0.7339867261272961,0.8319626743918853,0.732945146562562,0.6845164699204863,0.7372746273898568,cnn_lstm_seed42_20251208_003451,2025-12-08T00:34:52.141838,cuda,tomra,Windows,2.9.1+cu128
cnn_lstm_ln,data/splits,0.0001,,1.00e-04,False,False,0.0001,64,456,308676,50,47,False,0.7334132413527034,0.8315261803314576,0.7316217825712963,0.690185362496708,0.7436431645242185,cnn_lstm_ln_seed456_20251208_125214,2025-12-08T12:52:15.147826,cuda,tomra,Windows,2.9.1+cu128
cnn_lstm_ln,data/splits,0.0001,,1.00e-04,False,False,0.0001,64,42,308676,50,50,False,0.7324986848440508,0.8305325447904429,0.7351286971481505,0.6842428851982713,0.7422976791391537,cnn_lstm_ln_seed42_20251208_034724,2025-12-08T03:47:25.485791,cuda,tomra,Windows,2.9.1+cu128
cnn_lstm_ln,data/splits,0.0001,,1.00e-04,False,False,0.0001,64,456,308676,51,41,True,0.730066803564296,0.8356022217002115,0.7369814067359227,0.6878716180470422,0.7388756419954525,cnn_lstm_ln_seed456_20251210_223519,2025-12-10T22:35:19.864950,cuda,tomra,Windows,2.9.1+cu128
cnn_lstm_ln,data/splits,0.0001,,1.00e-04,False,False,0.0001,64,345,308676,67,52,True,0.7286671264469552,0.8304425258579705,0.729041222788328,0.6837279301781192,0.7367048718153528,cnn_lstm_ln_seed345_20251211_011325,2025-12-11T01:13:25.271820,cuda,navak,Linux,2.8.0+cu128
cnn_lstm,data/splits,0.0001,,1.00e-04,False,False,0.0001,64,42,308420,50,41,False,0.7244200966916959,0.824651075123747,0.7242771124197711,0.7036693739991651,0.7199217326376662,cnn_lstm_seed42_20251208_152742,2025-12-08T15:27:43.094649,cuda,tomra,Windows,2.9.1+cu128
cnn_lstm,data/splits,0.0001,,1.00e-04,False,False,0.0001,64,42,308420,51,41,True,0.7229508006104025,0.8246021966101105,0.7205055250446636,0.6964065239210672,0.7269506860934726,cnn_lstm_seed42_20251210_183227,2025-12-10T18:32:27.781748,cuda,tomra,Windows,2.9.1+cu128
cnn_lstm,data/splits,0.0001,,1.00e-04,False,False,0.0001,64,456,308420,50,43,False,0.7153058793444689,0.8185678850061696,0.7186528154568914,0.7121880136838945,0.7197064726314736,cnn_lstm_seed456_20251208_125222,2025-12-08T12:52:22.126199,cuda,tomra,Windows,2.9.1+cu128
gru,data/splits,0.003,1e-05,"CNN=3.00e-03, RNN=1.00e-05",True,False,0.0001,24,6691,105652,52,37,True,0.7142112846493399,0.819598470089515,0.7163369284721762,0.8032517394878798,0.7191511990863467,gru_seed6691_20251208_180813,2025-12-08T18:08:13.056594,cuda,navak,Linux,2.8.0+cu128
cnn_lstm,data/splits,8.8e-05,8.67e-05,"CNN=8.80e-05, RNN=8.67e-05",True,False,3.92e-05,64,16570,308420,60,50,True,0.7138951568904292,0.8213149953747073,0.712168331899689,0.7083545815403954,0.7207121680503922,cnn_lstm_seed16570_20251211_122545,2025-12-11T12:25:45.934468,cuda,navak,Linux,2.8.0+cu128
attention,data/splits,0.0005,0.0005,"CNN=5.00e-04, RNN=5.00e-04",True,False,0.0001,64,8735,127445,39,24,True,0.7071937522810358,0.8135493464880797,0.7053530073446701,0.8739515576307281,0.7077368359964051,attention_seed8735_20251208_181858,2025-12-08T18:18:58.057894,cuda,navak,Linux,2.8.0+cu128
attention,data/splits,0.002,0.0002,"CNN=2.00e-03, RNN=2.00e-04",True,False,5e-05,64,884,127445,60,45,True,0.7067935880171402,0.8134243038369809,0.7066102031363727,1.279818872673602,0.7197776314164299,attention_seed884_20251208_192741,2025-12-08T19:27:41.810253,cuda,navak,Linux,2.8.0+cu128
residual,data/splits,0.001,0.0002,"CNN=1.00e-03, RNN=2.00e-04",True,False,5e-05,192,772,139732,64,49,True,0.7002216834848788,0.80706161976696,0.6992655329848475,1.226461705527728,0.7062407541742035,residual_seed772_20251208_175808,2025-12-08T17:58:08.645856,cuda,navak,Linux,2.8.0+cu128
cnn_lstm,data/splits,0.0001,,1.00e-04,False,False,0.0001,64,1,308420,49,39,True,0.6968875178839918,0.807146083907149,0.6992655329848475,0.7447515165881265,0.6975441584940728,cnn_lstm_seed1_20251208_011346,2025-12-08T01:13:46.973220,cuda,tomra,Windows,2.9.1+cu128
attention,data/splits,0.0001,,1.00e-04,False,False,0.0001,24,123,127445,52,42,True,0.6949414284188011,0.8027416423054374,0.7001918877787335,0.8317460072892052,0.6984692894903075,attention_seed123_20251211_023333,2025-12-11T02:33:33.675061,cuda,tomra,Windows,2.9.1+cu128
cnn_lstm,data/splits,0.0001,,1.00e-04,False,False,0.0001,64,456,308420,43,33,True,0.6866604190535733,0.8048867562544155,0.6823264738966452,0.7760804306228453,0.6838084296345863,cnn_lstm_seed456_20251210_232905,2025-12-10T23:29:05.669906,cuda,tomra,Windows,2.9.1+cu128
gru,data/splits,0.0001,,1.00e-04,False,False,0.0001,24,123,105652,54,44,True,0.6820984680999352,0.7988882442216402,0.6761066631376961,0.835109362065319,0.6944914251404416,gru_seed123_20251211_040429,2025-12-11T04:04:29.752878,cuda,tomra,Windows,2.9.1+cu128
cnn_bilstm_seq24,data/splits,0.0001,,1.00e-04,False,False,0.0001,64,42,316612,49,39,True,0.6798831627875906,0.798220053594968,0.6801429233110567,0.7983708361533121,0.6745986976925828,cnn_bilstm_seq24_seed42_20251208_043651,2025-12-08T04:36:51.679854,cuda,tomra,Windows,2.9.1+cu128
cnn_lstm_seq16,data/splits,0.002,0.0002,"CNN=2.00e-03, RNN=2.00e-04",True,False,1e-05,32,3123,87588,48,33,True,0.6681425744405352,0.7836714340407839,0.670614702573943,0.8801566670800365,0.6728489479386818,cnn_lstm_seq16_seed3123_20251208_190516,2025-12-08T19:05:16.650071,cuda,navak,Linux,2.8.0+cu128
cnn_lstm_ln,data/splits,0.0001,,1.00e-04,False,False,0.0001,64,1,308676,50,49,False,0.6569761448326823,0.7854941558506647,0.6495070469132534,0.8050874836334196,0.668821858247178,cnn_lstm_ln_seed1_20251208_040136,2025-12-08T04:01:36.705906,cuda,tomra,Windows,2.9.1+cu128
bilstm,data/splits_10s,0.000361,8.76e-05,"CNN=3.61e-04, RNN=8.76e-05",True,False,0.000104,32,97995,316612,39,29,True,0.6519331286357981,0.7667289526654183,0.6553688407861008,0.9582651627334682,0.6747657944157613,bilstm_seed97995_20251210_143154,2025-12-10T14:31:54.459093,cuda,navak,Linux,2.8.0+cu128
cnn_lstm_meanpool,data/splits,0.000153,6.24e-05,"CNN=1.53e-04, RNN=6.24e-05",True,False,4.81e-06,32,81944,127348,44,34,True,0.6508903180790706,0.7720092892795212,0.6502348971084497,0.874211342780837,0.6523505996150261,cnn_lstm_meanpool_seed81944_20251210_233721,2025-12-10T23:37:21.528675,cuda,navak,Linux,2.8.0+cu128
cnn_only,data/splits,0.000367,3.93e-05,"CNN=3.67e-04, RNN=3.93e-05",True,False,5.87e-05,32,80020,44228,60,50,True,0.6431601608204421,0.759568078466055,0.6502348971084497,0.8246721197234714,0.640085942886976,cnn_only_seed80020_20251210_161432,2025-12-10T16:14:32.057664,cuda,navak,Linux,2.8.0+cu128
cnn_bilstm_seq24,data/splits,0.001,0.0001,"CNN=1.00e-03, RNN=1.00e-04",True,False,1e-05,256,42,316612,55,40,True,0.6426320604350928,0.771043296065023,0.6370012571957917,0.8470135678847631,0.6389319706844286,cnn_bilstm_seq24_seed42_20251208_162542,2025-12-08T16:25:42.768486,cuda,navak,Linux,2.8.0+cu128
cnn_only,data/splits,0.000331,4.8e-05,"CNN=3.31e-04, RNN=4.80e-05",True,False,7.01e-06,32,63249,44228,43,33,True,0.640726261043755,0.7591057335507536,0.6500363925097599,0.8175453866022712,0.6469726522123465,cnn_only_seed63249_20251210_150429,2025-12-10T15:04:29.470046,cuda,navak,Linux,2.8.0+cu128
bilstm,data/splits,6.16e-05,3.48e-05,"CNN=6.16e-05, RNN=3.48e-05",True,False,2.6e-05,32,67603,316612,36,26,True,0.6385780044336823,0.7582513517728545,0.632964997022431,0.906360242476423,0.6247861828634427,bilstm_seed67603_20251210_163150,2025-12-10T16:31:50.765310,cuda,navak,Linux,2.8.0+cu128
cnn_bilstm_seq24,data/splits,7.87e-05,9.02e-05,"CNN=7.87e-05, RNN=9.02e-05",True,False,1.19e-06,192,96406,316612,60,50,True,0.6384983323903067,0.7721983780491912,0.6370012571957917,0.8470987896376019,0.6348112342631284,cnn_bilstm_seq24_seed96406_20251210_233520,2025-12-10T23:35:20.281765,cuda,tomra,Windows,2.9.1+cu128
bilstm,data/splits,0.001,0.0001,"CNN=1.00e-03, RNN=1.00e-04",True,False,0.0005,96,9300,316612,50,35,True,0.6370041584062416,0.7686748273445788,0.6282670548534375,0.8816664256627047,0.6386788102051553,bilstm_seed9300_20251208_191924,2025-12-08T19:19:24.309289,cuda,navak,Linux,2.8.0+cu128
cnn_bilstm_seq24,data/splits,0.0005,1e-05,"CNN=5.00e-04, RNN=1.00e-05",True,False,0.0001,32,64,316612,38,23,True,0.6310328086882891,0.7417234230840379,0.636604247998412,0.8760918197527244,0.612052928874965,cnn_bilstm_seq24_seed64_20251208_165658,2025-12-08T16:56:58.471919,cuda,navak,Linux,2.8.0+cu128
bilstm,data/splits,0.000346,4.31e-05,"CNN=3.46e-04, RNN=4.31e-05",True,False,4.82e-06,128,83320,316612,45,35,True,0.6238132512773662,0.7487319138188551,0.6172831337259314,0.9315529550824847,0.6127502263279234,bilstm_seed83320_20251211_000123,2025-12-11T00:01:23.540493,cuda,navak,Linux,2.8.0+cu128
bilstm,data/splits,0.000812,2.47e-05,"CNN=8.12e-04, RNN=2.47e-05",True,False,8.25e-06,64,9674,316612,31,21,True,0.6116686893347444,0.7377616151617888,0.6042479984119632,0.9625936403304716,0.6093696860424155,bilstm_seed9674_20251211_021201,2025-12-11T02:12:01.982115,cuda,tomra,Windows,2.9.1+cu128
cnn_only,data/splits_10s,0.000663,1.08e-06,"CNN=6.63e-04, RNN=1.08e-06",True,False,3.22e-06,32,45314,44228,45,35,True,0.6090508651117509,0.7141519006377332,0.6256052406721732,0.8495100226591934,0.6099808308206904,cnn_only_seed45314_20251210_150018,2025-12-10T15:00:18.150825,cuda,navak,Linux,2.8.0+cu128
cnn_lstm_meanpool,data/splits,0.0001,,1.00e-04,False,False,0.0001,64,42,127348,31,21,True,0.6082077561503088,0.7390892777675221,0.6129160325547541,0.953037638704485,0.6023470237987718,cnn_lstm_meanpool_seed42_20251208_043721,2025-12-08T04:37:21.407113,cuda,tomra,Windows,2.9.1+cu128
cnn_only,data/splits,0.000628,1.15e-05,"CNN=6.28e-04, RNN=1.15e-05",True,False,0.000102,64,75852,44228,27,17,True,0.6059622288957721,0.7265444845315647,0.6084165949844504,0.9021814972287995,0.6176995967600228,cnn_only_seed75852_20251210_154837,2025-12-10T15:48:37.348929,cuda,navak,Linux,2.8.0+cu128
bilstm,data/splits,0.0001,,1.00e-04,False,False,0.0001,64,42,316612,33,23,True,0.6031333095336313,0.7423444239647855,0.5996823926420962,0.9508320944470192,0.5971884753707277,bilstm_seed42_20251208_041527,2025-12-08T04:15:27.418547,cuda,tomra,Windows,2.9.1+cu128
cnn_lstm_meanpool,data/splits,0.000565,1.55e-06,"CNN=5.65e-04, RNN=1.55e-06",True,False,1.35e-05,32,48556,127348,51,41,True,0.6021051880815607,0.7273762485216037,0.5983590286508305,0.9191454321335032,0.6116636881717468,cnn_lstm_meanpool_seed48556_20251211_005212,2025-12-11T00:52:12.140861,cuda,navak,Linux,2.8.0+cu128
bilstm,data/splits,0.0001,2e-05,"CNN=1.00e-04, RNN=2.00e-05",True,False,1e-05,128,4550,316612,40,25,True,0.5926090041333707,0.7293507673384908,0.5759941771984385,0.970502446679508,0.5878072215312494,bilstm_seed4550_20251208_182649,2025-12-08T18:26:49.533086,cuda,navak,Linux,2.8.0+cu128
cnn_only,data/splits,0.0001,0.0001,"CNN=1.00e-04, RNN=1.00e-04",True,False,0.0001,32,5534,44228,72,57,True,0.5920830178300375,0.7217318390185067,0.6000132336399127,0.9600016622475287,0.5897970500168205,cnn_only_seed5534_20251208_194215,2025-12-08T19:42:16.004919,cuda,navak,Linux,2.8.0+cu128
cnn_lstm_seq16,data/splits,0.0001,,1.00e-04,False,False,0.0001,64,42,87588,43,33,True,0.5919457285691844,0.7265795646011689,0.5892278171110964,0.9714204851962343,0.5893729287894964,cnn_lstm_seq16_seed42_20251208_043902,2025-12-08T04:39:02.765401,cuda,tomra,Windows,2.9.1+cu128
cnn_only,data/splits,0.00059,,5.90e-04,False,False,4.72e-05,256,49112,44228,44,34,True,0.5891148336129295,0.7178074744724113,0.5968371600608747,0.8290217002232869,0.5879507547434016,cnn_only_seed49112_20251210_214901,2025-12-10T21:49:01.240271,cuda,navak,Linux,2.8.0+cu128
cnn_only,data/splits,0.000351,1.72e-06,"CNN=3.51e-04, RNN=1.72e-06",True,False,0.000102,256,47835,44228,67,57,True,0.588786065528161,0.7117050096112613,0.589360153510223,0.8510060027241707,0.5825386074682942,cnn_only_seed47835_20251210_154847,2025-12-10T15:48:47.227346,cuda,navak,Linux,2.8.0+cu128
cnn_only,data/splits_10s,0.00096,,9.60e-04,False,False,0.000426,64,49484,44228,40,30,True,0.5873982636972755,0.7075962888648909,0.6028197094844774,0.8264714415777813,0.599142059240829,cnn_only_seed49484_20251210_215243,2025-12-10T21:52:43.685198,cuda,navak,Linux,2.8.0+cu128
gru,data/splits,0.0001,,1.00e-04,False,False,0.0001,64,42,105652,28,18,True,0.5853010988174783,0.7277150550383322,0.5928670680870773,0.9603661443362256,0.5803822734582426,gru_seed42_20251208_130026,2025-12-08T13:00:26.881583,mps,tomrannosaurus,Darwin,2.9.1
bilstm,data/splits_10s,0.000858,7.29e-05,"CNN=8.58e-04, RNN=7.29e-05",True,False,0.000706,128,42496,316612,52,42,True,0.5852646375157726,0.722602378339284,0.5736257476502421,0.9536582616242495,0.5947828671167489,bilstm_seed42496_20251210_162348,2025-12-10T16:23:48.244943,cuda,navak,Linux,2.8.0+cu128
gru,data/splits,0.005,0.0001,"CNN=5.00e-03, RNN=1.00e-04",True,False,0.001,16,64,105652,78,48,True,0.5848507140242721,0.6946504772155986,0.5965724872626216,1.000443007769408,0.5938954748522014,gru_seed64_20251208_171239,2025-12-08T17:12:39.847052,cuda,navak,Linux,2.8.0+cu128
cnn_only,data/splits_20s,0.000866,4.5e-05,"CNN=8.66e-04, RNN=4.50e-05",True,False,1.06e-05,64,19516,44228,32,22,True,0.5836432737047499,0.7161249063090905,0.6107285248278361,0.8768878802657127,0.5884812583466302,cnn_only_seed19516_20251210_161047,2025-12-10T16:10:47.274160,cuda,navak,Linux,2.8.0+cu128
cnn_lstm,data/splits,1.67e-05,4.28e-05,"CNN=1.67e-05, RNN=4.28e-05",True,True,4.36e-06,64,48422,308420,92,82,True,0.5804603327501155,0.7142408219560035,0.577714550387084,1.031541310848063,0.573957796341517,cnn_lstm_seed48422_20251211_120848,2025-12-11T12:08:48.642752,cuda,navak,Linux,2.8.0+cu128
cnn_only,data/splits,0.002,5e-06,"CNN=2.00e-03, RNN=5.00e-06",True,False,0.0005,32,1230,44228,56,41,True,0.5763434605218439,0.6920133141726195,0.5761265135975651,0.9006571296059052,0.5770308634493885,cnn_only_seed1230_20251208_181543,2025-12-08T18:15:43.448868,cuda,navak,Linux,2.8.0+cu128
cnn_lstm_meanpool,data/splits,0.0002,0.0001,"CNN=2.00e-04, RNN=1.00e-04",True,False,0.0005,192,3322,127348,47,32,True,0.5759560052063242,0.7074218917215778,0.5733474492159069,0.9316895924791505,0.5739875689260108,cnn_lstm_meanpool_seed3322_20251208_183320,2025-12-08T18:33:20.214708,cuda,navak,Linux,2.8.0+cu128
residual,data/splits,0.000388,2.88e-05,"CNN=3.88e-04, RNN=2.88e-05",True,False,7.58e-06,64,54650,139732,31,21,True,0.5739092312860966,0.7095039592534448,0.5659366108648184,0.9527586180449538,0.5760304400660133,residual_seed54650_20251211_030602,2025-12-11T03:06:02.362862,cuda,navak,Linux,2.8.0+cu128
cnn_lstm_ln,data/splits,0.0001,,1.00e-04,False,False,0.0001,64,42,308676,52,42,True,0.5676004002352533,0.7045614275887739,0.5619003506914577,1.0204774289065774,0.5586403270600833,cnn_lstm_ln_seed42_20251210_183208,2025-12-10T18:32:09.364171,cuda,tomra,Windows,2.9.1+cu128
bilstm,data/splits,3.11e-05,7.68e-05,"CNN=3.11e-05, RNN=7.68e-05",True,False,0.000188,64,17092,316612,54,44,True,0.5616776217685236,0.67841410836346,0.5514457751604579,1.0489709586030824,0.5584592819397827,bilstm_seed17092_20251211_015036,2025-12-11T01:50:36.040013,cuda,navak,Linux,2.8.0+cu128
attention,data/splits_10s,0.000267,9.52e-06,"CNN=2.67e-04, RNN=9.52e-06",True,True,0.000469,32,95400,127445,52,26,True,0.5614583402080233,0.6899397756372418,0.5630874394759328,1.0200913773341613,0.5983219094620529,attention_seed95400_20251211_040700,2025-12-11T04:07:00.921338,cuda,navak,Linux,2.8.0+cu128
cnn_only,data/splits,0.000889,1.05e-06,"CNN=8.89e-04, RNN=1.05e-06",True,False,1.34e-05,256,31162,44228,55,45,True,0.56101466523866,0.6999846675984189,0.5848607159399193,0.8393369391560555,0.5474451725453632,cnn_only_seed31162_20251210_144016,2025-12-10T14:40:16.072252,cuda,navak,Linux,2.8.0+cu128
attention,data/splits,0.000396,2.77e-06,"CNN=3.96e-04, RNN=2.77e-06",True,False,4.2e-05,128,69699,127445,37,27,True,0.5587295653725305,0.696203805356117,0.5471448421888441,0.9907381003644286,0.5616142639796918,attention_seed69699_20251211_035733,2025-12-11T03:57:33.973194,cuda,navak,Linux,2.8.0+cu128
cnn_bilstm_seq24,data/splits,0.0005,1e-05,"CNN=5.00e-04, RNN=1.00e-05",True,False,1e-05,256,123,316612,46,31,True,0.5558446992317837,0.690838326681486,0.5388738172434328,0.9220750858386357,0.5421826663015332,cnn_bilstm_seq24_seed123_20251208_163518,2025-12-08T16:35:18.365444,cuda,navak,Linux,2.8.0+cu128
cnn_only,data/splits,0.000456,4.46e-05,"CNN=4.56e-04, RNN=4.46e-05",True,False,1.5e-06,192,4700,44228,50,40,True,0.552113566424944,0.6841880592044112,0.5664659564613247,0.912933849458453,0.5358788392224033,cnn_only_seed4700_20251210_161658,2025-12-10T16:16:58.447918,cuda,navak,Linux,2.8.0+cu128
cnn_only,data/splits_20s,0.000611,1.18e-06,"CNN=6.11e-04, RNN=1.18e-06",True,False,2.7e-05,64,16503,44228,22,12,True,0.5498126966202327,0.6660921835059669,0.558173251177963,0.961606384000995,0.5451582992641704,cnn_only_seed16503_20251210_165844,2025-12-10T16:58:44.796064,cuda,navak,Linux,2.8.0+cu128
residual,data/splits_10s,0.000912,6.76e-05,"CNN=9.12e-04, RNN=6.76e-05",True,False,1.59e-06,128,12040,139732,42,32,True,0.5497723599077978,0.699598833937416,0.5639418968954714,0.9618878136981618,0.5875318129162197,residual_seed12040_20251211_024952,2025-12-11T02:49:52.302467,cuda,navak,Linux,2.8.0+cu128
simple_lstm,data/splits,0.000151,7.51e-05,"CNN=1.51e-04, RNN=7.51e-05",True,True,0.000558,64,72484,57044,68,58,True,0.5488418539429045,0.660322588723722,0.5630913782835969,1.0322919453372432,0.52626507154972,simple_lstm_seed72484_20251211_004645,2025-12-11T00:46:45.772420,cuda,navak,Linux,2.8.0+cu128
attention,data/splits_10s,0.0001,,1.00e-04,False,False,0.0001,64,456,127445,34,24,True,0.5478703494557674,0.6894248916961545,0.5492737111933922,1.0026276531544598,0.5898752152717803,attention_seed456_20251210_234031,2025-12-10T23:40:31.889480,cuda,tomra,Windows,2.9.1+cu128
attention,data/splits_10s,0.000485,1.95e-05,"CNN=4.85e-04, RNN=1.95e-05",True,False,7.24e-05,64,2690,127445,26,16,True,0.5470595490928343,0.6782197087316227,0.5521219025918541,1.0155264057896354,0.5755302192750819,attention_seed2690_20251211_034927,2025-12-11T03:49:28.010016,cuda,navak,Linux,2.8.0+cu128
residual,data/splits,5e-05,0.0002,"CNN=5.00e-05, RNN=2.00e-04",True,False,1e-05,48,7272,139732,87,72,True,0.5465936095378501,0.6679539292176434,0.554886521537749,1.048608412439861,0.5339739889377972,residual_seed7272_20251208_195411,2025-12-08T19:54:11.627872,cuda,navak,Linux,2.8.0+cu128
cnn_only,data/splits,0.00017,,1.70e-04,False,False,1.15e-06,64,33288,44228,43,33,True,0.5380496017995343,0.6781616210813819,0.5566730629259578,1.0781730743525904,0.5265103486392886,cnn_only_seed33288_20251210_213603,2025-12-10T21:36:03.081937,cuda,navak,Linux,2.8.0+cu128
cnn_only,data/splits,0.0001,,1.00e-04,False,False,0.0001,64,42,44228,50,44,False,0.536778280083123,0.6748870751750852,0.5346390524713822,1.1542445631218359,0.5226179020452997,cnn_only_seed42_20251208_152131,2025-12-08T15:21:32.545127,cuda,tomra,Windows,2.9.1+cu128
bilstm,data/splits_20s,0.000601,4.36e-05,"CNN=6.01e-04, RNN=4.36e-05",True,False,8.79e-05,128,18208,316612,48,38,True,0.5333341387816538,0.6639380800815268,0.5338890902500906,1.2460109483111987,0.54239998452162,bilstm_seed18208_20251210_160658,2025-12-10T16:06:58.402486,cuda,navak,Linux,2.8.0+cu128
cnn_lstm_ln,data/splits,0.0001,,1.00e-04,False,False,0.0001,64,4000,308676,44,29,True,0.5306601739179256,0.6417504534126599,0.5399986766360088,1.024386296543894,0.5395755909330171,cnn_lstm_ln_seed4000_20251211_020942,2025-12-11T02:09:42.638610,cuda,navak,Linux,2.8.0+cu128
cnn_bilstm_seq24,data/splits,0.005,0.001,"CNN=5.00e-03, RNN=1.00e-03",True,False,0.001,16,9081,316612,36,21,True,0.5305823148067772,0.6163192428033765,0.5600476411036855,1.049352089768995,0.5236332389337953,cnn_bilstm_seq24_seed9081_20251208_184041,2025-12-08T18:40:41.649118,cuda,navak,Linux,2.8.0+cu128
residual,data/splits,0.005,0.0001,"CNN=5.00e-03, RNN=1.00e-04",True,False,0.001,16,64,139732,42,27,True,0.5304619211040528,0.6205022366348943,0.5300734467015152,1.0780196490584226,0.5270927301732269,residual_seed64_20251208_173718,2025-12-08T17:37:18.916119,cuda,navak,Linux,2.8.0+cu128
cnn_lstm_meanpool,data/splits,0.001,2e-05,"CNN=1.00e-03, RNN=2.00e-05",True,False,0.0005,128,3311,127348,49,34,True,0.529909401384321,0.6654862411314425,0.5276252233176735,1.0028036351965255,0.5165934104554407,cnn_lstm_meanpool_seed3311_20251208_194623,2025-12-08T19:46:23.152348,cuda,navak,Linux,2.8.0+cu128
cnn_only,data/splits,0.00029,,2.90e-04,False,False,0.000959,128,23590,44228,30,20,True,0.5296769414325737,0.6672551228542528,0.5294779329054456,1.0011284959917308,0.5229601921007657,cnn_only_seed23590_20251211_112419,2025-12-11T11:24:19.839464,cuda,navak,Linux,2.8.0+cu128
gru,data/splits_10s,3.66e-05,9e-05,"CNN=3.66e-05, RNN=9.00e-05",True,False,4.98e-06,64,51680,105652,50,40,True,0.529031778369709,0.653169504457466,0.5924238108800911,1.072392431714318,0.5393622567929885,gru_seed51680_20251211_024019,2025-12-11T02:40:19.124688,cuda,navak,Linux,2.8.0+cu128
simple_lstm,data/splits,0.0002,5e-05,"CNN=2.00e-04, RNN=5.00e-05",True,False,0.0001,48,4821,57044,31,16,True,0.5282111751910381,0.648010852278525,0.5280884007146166,1.0744525999303849,0.5070005784510276,simple_lstm_seed4821_20251208_175033,2025-12-08T17:50:33.515596,cuda,navak,Linux,2.8.0+cu128
gru,data/splits_10s,0.0001,,1.00e-04,False,False,0.0001,64,456,105652,37,27,True,0.5277484677499722,0.662787225935193,0.5709199658217032,1.0322456592863256,0.5390589781048585,gru_seed456_20251211_002618,2025-12-11T00:26:18.701496,cuda,tomra,Windows,2.9.1+cu128
attention,data/splits,0.000586,4.79e-06,"CNN=5.86e-04, RNN=4.79e-06",True,True,1.09e-06,256,52664,127445,52,30,True,0.5268909649798061,0.6872285364206021,0.5111493416264143,0.9731247802575429,0.5337681020118863,attention_seed52664_20251211_033433,2025-12-11T03:34:33.195362,cuda,navak,Linux,2.8.0+cu128
residual,data/splits_10s,0.0001,,1.00e-04,False,False,0.0001,64,123,139732,22,12,True,0.5252416836242713,0.6624115256494519,0.5145257761321561,1.068927349285646,0.5517864282136625,residual_seed123_20251211_001518,2025-12-11T00:15:18.372942,cuda,tomra,Windows,2.9.1+cu128
cnn_bilstm_seq24,data/splits,0.0001,1e-05,"CNN=1.00e-04, RNN=1.00e-05",True,False,1e-06,64,123,316612,45,30,True,0.5200517937560472,0.6587080891723683,0.5059220538609145,1.0367048709075661,0.4966695858898535,cnn_bilstm_seq24_seed123_20251208_161343,2025-12-08T16:13:43.535777,cuda,navak,Linux,2.8.0+cu128
cnn_lstm_ln,data/splits,0.003,0.0005,"CNN=3.00e-03, RNN=5.00e-04",True,False,0.001,192,2901,308676,41,26,True,0.5196503941474155,0.6471307580246506,0.5782438959835903,1.0005622664584388,0.5135642299499026,cnn_lstm_ln_seed2901_20251208_193746,2025-12-08T19:37:46.723653,cuda,navak,Linux,2.8.0+cu128
cnn_only,data/splits_10s,0.000636,2.29e-06,"CNN=6.36e-04, RNN=2.29e-06",True,False,0.000254,256,48644,44228,38,28,True,0.5154217403254614,0.6725749183779641,0.5193677015095415,0.941793078822749,0.528812395333953,cnn_only_seed48644_20251210_154631,2025-12-10T15:46:31.874395,cuda,navak,Linux,2.8.0+cu128
bilstm,data/splits_10s,0.00063,1.22e-05,"CNN=6.30e-04, RNN=1.22e-05",True,False,0.000271,64,10000,316612,23,13,True,0.513836481937955,0.6397305635711815,0.5005696382796924,1.0862187537279997,0.5443357334090096,bilstm_seed10000_20251210_234334,2025-12-10T23:43:34.676308,cuda,navak,Linux,2.8.0+cu128
gru,data/splits,0.000287,8.65e-06,"CNN=2.87e-04, RNN=8.65e-06",True,False,3.7e-05,64,16120,105652,31,21,True,0.5120469634382891,0.6376456313778481,0.5074439224508701,1.0899505912628857,0.4967097727563772,gru_seed16120_20251211_033800,2025-12-11T03:38:00.668054,cuda,navak,Linux,2.8.0+cu128
simple_lstm,data/splits,7.81e-05,4.47e-05,"CNN=7.81e-05, RNN=4.47e-05",True,False,5.41e-05,64,47205,57044,37,27,True,0.5117044674379099,0.6452452276025441,0.5012241116919208,1.0944648816364224,0.49587026605034457,simple_lstm_seed47205_20251211_004642,2025-12-11T00:46:42.143512,cuda,navak,Linux,2.8.0+cu128
simple_lstm,data/splits_20s,5.39e-05,7.5e-05,"CNN=5.39e-05, RNN=7.50e-05",True,True,0.00038,32,95504,57044,58,26,True,0.5102654025044535,0.6176132113093415,0.541138093512142,1.1977396504632358,0.49804576988035043,simple_lstm_seed95504_20251211_003401,2025-12-11T00:34:01.309055,cuda,navak,Linux,2.8.0+cu128
residual,data/splits,0.000725,6.33e-05,"CNN=7.25e-04, RNN=6.33e-05",True,False,0.000876,32,5818,139732,29,19,True,0.5049902191158453,0.6381569670495344,0.48064580162773773,1.0805603432100872,0.4958335020999555,residual_seed5818_20251211_111035,2025-12-11T11:10:35.256378,cuda,tomra,Windows,2.9.1+cu128
cnn_only,data/splits_10s,0.000489,3.85e-06,"CNN=4.89e-04, RNN=3.85e-06",True,False,0.00014,192,56043,44228,24,14,True,0.5010731579644188,0.6375659258623761,0.5092566220450014,1.0540251570778925,0.5079973325517448,cnn_only_seed56043_20251210_142953,2025-12-10T14:29:53.293830,cuda,navak,Linux,2.8.0+cu128
simple_lstm,data/splits,0.0002,5e-06,"CNN=2.00e-04, RNN=5.00e-06",True,False,0.001,24,781,57044,33,18,True,0.500449647038801,0.6166701401923522,0.48024879243035795,1.1087363411982853,0.47988315744801724,simple_lstm_seed781_20251208_191442,2025-12-08T19:14:42.697706,cuda,navak,Linux,2.8.0+cu128
simple_lstm,data/splits,0.000857,6.32e-06,"CNN=8.57e-04, RNN=6.32e-06",True,False,1.71e-05,32,44640,57044,15,5,True,0.5000136546182197,0.5923632803583078,0.5286177463111229,1.1119182124639415,0.4800264862481886,simple_lstm_seed44640_20251211_010922,2025-12-11T01:09:22.027742,cuda,navak,Linux,2.8.0+cu128
cnn_bilstm_seq24,data/splits,0.005,0.0001,"CNN=5.00e-03, RNN=1.00e-04",True,False,0.001,16,64,316612,37,7,True,0.49916352565623207,0.5581641401024233,0.5149209290015219,1.12638327854651,0.4903657857572032,cnn_bilstm_seq24_seed64_20251208_170338,2025-12-08T17:03:39.034608,cuda,navak,Linux,2.8.0+cu128
cnn_lstm_seq16,data/splits_20s,0.000894,1.01e-06,"CNN=8.94e-04, RNN=1.01e-06",True,True,8.33e-06,32,44544,87588,30,9,True,0.4930222431417289,0.587994721957056,0.5001812250815513,1.2079020101448585,0.48568290738998976,cnn_lstm_seq16_seed44544_20251211_125527,2025-12-11T12:55:27.631569,cuda,navak,Linux,2.8.0+cu128
cnn_bilstm_seq24,data/splits,0.005,1e-06,"CNN=5.00e-03, RNN=1.00e-06",True,False,0.001,256,123,316612,73,43,True,0.4912493373192225,0.6011688632119252,0.5002977568980348,1.0503187437852224,0.4768728926445274,cnn_bilstm_seq24_seed123_20251208_164330,2025-12-08T16:43:30.682658,cuda,navak,Linux,2.8.0+cu128
cnn_only,data/splits_20s,3.53e-05,2.96e-06,"CNN=3.53e-05, RNN=2.96e-06",True,False,2.64e-05,32,85828,44228,15,5,True,0.48949997180477334,0.5747257982761288,0.4998187749184487,1.2551660318484252,0.4991682811121314,cnn_only_seed85828_20251210_160330,2025-12-10T16:03:30.114720,cuda,navak,Linux,2.8.0+cu128
attention,data/splits,5.23e-05,2.64e-05,"CNN=5.23e-05, RNN=2.64e-05",True,True,0.000142,128,34747,127445,53,43,True,0.4892308952101886,0.6165693768767696,0.4918282273539337,1.0973134551729475,0.4746509922779428,attention_seed34747_20251211_025748,2025-12-11T02:57:48.710929,cuda,navak,Linux,2.8.0+cu128
cnn_bilstm_seq24,data/splits_20s,0.000335,2.48e-06,"CNN=3.35e-04, RNN=2.48e-06",True,False,1.24e-05,32,14944,316612,12,2,True,0.488316747512302,0.5578052344029926,0.5186661833997825,1.2959581038047527,0.49261932245956414,cnn_bilstm_seq24_seed14944_20251210_223919,2025-12-10T22:39:19.559431,cuda,navak,Linux,2.8.0+cu128
bilstm,data/splits,3.54e-05,2.75e-05,"CNN=3.54e-05, RNN=2.75e-05",True,False,0.000823,64,78680,316612,39,29,True,0.4868111412799799,0.6040860501945083,0.49421028253821214,1.1385071359354735,0.4516465875084846,bilstm_seed78680_20251210_155327,2025-12-10T15:53:27.406128,cuda,navak,Linux,2.8.0+cu128
cnn_only,data/splits_20s,0.0001,,1.00e-04,False,False,0.0001,64,123,44228,19,9,True,0.48389052840790375,0.5794039672827139,0.4450888002899601,1.1489262133836746,0.46551905322203296,cnn_only_seed123_20251208_163251,2025-12-08T16:32:52.422429,cuda,tomra,Windows,2.9.1+cu128
simple_lstm,data/splits,0.0001,,1.00e-04,False,False,0.0001,64,1,57044,41,31,True,0.483842992737212,0.6135831766849635,0.5137299014093827,1.1303785561509274,0.45594204774255487,simple_lstm_seed1_20251208_041713,2025-12-08T04:17:13.314888,cuda,tomra,Windows,2.9.1+cu128
simple_lstm,data/splits,1.49e-05,3.85e-06,"CNN=1.49e-05, RNN=3.85e-06",True,True,2.17e-06,32,46928,57044,32,9,True,0.48370398585199753,0.5514264442515447,0.4793886058360352,1.2182942806540282,0.46792076553816764,simple_lstm_seed46928_20251211_025114,2025-12-11T02:51:14.127269,cuda,tomra,Windows,2.9.1+cu128
cnn_lstm_seq16,data/splits,0.005,0.0001,"CNN=5.00e-03, RNN=1.00e-04",True,False,0.001,16,64,87588,50,35,True,0.48102561394655263,0.5224272368164555,0.5149870972010852,1.0966133068478296,0.49486275947745817,cnn_lstm_seq16_seed64_20251208_172714,2025-12-08T17:27:14.992403,cuda,navak,Linux,2.8.0+cu128
cnn_lstm_ln,data/splits_10s,0.000354,3.5e-06,"CNN=3.54e-04, RNN=3.50e-06",True,False,0.00013,32,91296,308676,15,5,True,0.4806568806812933,0.516647444064363,0.5170891483907719,1.2898113456639377,0.473915265886073,cnn_lstm_ln_seed91296_20251211_122616,2025-12-11T12:26:16.499704,cuda,navak,Linux,2.8.0+cu128
cnn_lstm,data/splits,0.000204,6.2e-06,"CNN=2.04e-04, RNN=6.20e-06",True,False,3.93e-06,32,90845,308420,11,1,True,0.4799159101118486,0.5199360431647434,0.5308012968967114,1.3031749362421339,0.46358420310840015,cnn_lstm_seed90845_20251211_120152,2025-12-11T12:01:52.473649,cuda,navak,Linux,2.8.0+cu128
bilstm,data/splits_10s,0.0003,1.56e-05,"CNN=3.00e-04, RNN=1.56e-05",True,False,7.15e-06,192,83108,316612,28,18,True,0.47847664386232214,0.6209597752792333,0.46824266590714897,1.057952932409338,0.5020953324643984,bilstm_seed83108_20251210_235251,2025-12-10T23:52:51.518350,cuda,navak,Linux,2.8.0+cu128
cnn_lstm_ln,data/splits,0.0001,,1.00e-04,False,False,0.0001,64,12,308676,35,20,True,0.47748747851174284,0.6016316382917278,0.5364917620591544,1.1005727707207957,0.4708016451132874,cnn_lstm_ln_seed12_20251211_015011,2025-12-11T01:50:11.097447,cuda,navak,Linux,2.8.0+cu128
cnn_only,data/splits,0.0001,,1.00e-04,False,False,0.0001,64,456,44228,16,6,True,0.47730253387641763,0.6083987391418462,0.4805134652286111,1.3310795767775065,0.46010734085080335,cnn_only_seed456_20251208_160716,2025-12-08T16:07:17.441131,cuda,tomra,Windows,2.9.1+cu128
cnn_lstm_meanpool,data/splits_10s,3.87e-05,1.84e-05,"CNN=3.87e-05, RNN=1.84e-05",True,False,1.11e-06,64,91224,127348,42,32,True,0.4771635762463932,0.6082608013725672,0.48618627171745943,1.0952375642277978,0.4932070102836303,cnn_lstm_meanpool_seed91224_20251211_013237,2025-12-11T01:32:37.775033,cuda,navak,Linux,2.8.0+cu128
gru,data/splits,0.000137,5.44e-05,"CNN=1.37e-04, RNN=5.44e-05",True,False,0.000929,256,38736,105652,53,43,True,0.4771273294947534,0.6122852943260338,0.4807781380268643,1.0458798239628473,0.45791453067484844,gru_seed38736_20251211_031538,2025-12-11T03:15:38.229621,cuda,navak,Linux,2.8.0+cu128
cnn_only,data/splits_20s,0.000147,8.59e-05,"CNN=1.47e-04, RNN=8.59e-05",True,False,3.26e-06,128,81656,44228,11,1,True,0.4765384786884272,0.5584824032569321,0.4795215657847046,1.3508143912662158,0.45740297015887965,cnn_only_seed81656_20251210_154601,2025-12-10T15:46:01.906649,cuda,navak,Linux,2.8.0+cu128
simple_lstm,data/splits_20s,0.0002,2e-05,"CNN=2.00e-04, RNN=2.00e-05",True,False,0.0001,48,4821,57044,13,3,True,0.4759573954008614,0.5452589391088174,0.5516491482421167,1.299362468308416,0.48360683925941533,simple_lstm_seed4821_20251210_141212,2025-12-10T14:12:12.919851,cuda,navak,Linux,2.8.0+cu128
attention,data/splits_20s,0.0001,,1.00e-04,False,False,0.0001,64,123,127445,13,3,True,0.4755450027497568,0.5642420914644346,0.4882203696991664,1.27806287326596,0.47957174505202343,attention_seed123_20251211_003813,2025-12-11T00:38:13.896040,cuda,tomra,Windows,2.9.1+cu128
cnn_lstm,data/splits_20s,0.000109,4.14e-05,"CNN=1.09e-04, RNN=4.14e-05",True,False,3e-06,32,80950,308420,31,21,True,0.475319806747092,0.5465105874775307,0.5396882928597317,1.187040632483603,0.49747616726042726,cnn_lstm_seed80950_20251210_220106,2025-12-10T22:01:06.732634,cuda,tomra,Windows,2.9.1+cu128
cnn_lstm,data/splits,0.000126,1.62e-05,"CNN=1.26e-04, RNN=1.62e-05",True,False,5.73e-06,64,14564,308420,12,2,True,0.4743341386089857,0.5254957732928469,0.5199497121683319,1.3007235265482326,0.4576183745005573,cnn_lstm_seed14564_20251210_214207,2025-12-10T21:42:07.236443,cuda,navak,Linux,2.8.0+cu128
cnn_only,data/splits_10s,3.05e-05,2.09e-06,"CNN=3.05e-05, RNN=2.09e-06",True,False,0.000302,64,98800,44228,11,1,True,0.4731566136477662,0.5221718117571055,0.5038450583879237,1.3398181135004217,0.479292363454283,cnn_only_seed98800_20251210_150242,2025-12-10T15:02:42.628741,cuda,navak,Linux,2.8.0+cu128
cnn_lstm_seq16,data/splits_10s,1.79e-05,1.67e-06,"CNN=1.79e-05, RNN=1.67e-06",True,False,0.000465,256,92843,87588,13,3,True,0.471963308865413,0.5216021198496389,0.5333238393620051,1.3796849378517695,0.4622941005845153,cnn_lstm_seq16_seed92843_20251210_230958,2025-12-10T23:09:58.193347,cuda,tomra,Windows,2.9.1+cu128
cnn_lstm,data/splits,0.000178,2.7e-06,"CNN=1.78e-04, RNN=2.70e-06",True,False,0.000156,32,52300,308420,11,1,True,0.4714568541691726,0.5211957320095197,0.5520412889565275,1.3251385373746618,0.46493091710214707,cnn_lstm_seed52300_20251210_213930,2025-12-10T21:39:30.583678,cuda,navak,Linux,2.8.0+cu128
cnn_lstm,data/splits,1.14e-05,4.16e-05,"CNN=1.14e-05, RNN=4.16e-05",True,False,0.000967,128,44120,308420,22,12,True,0.4714213342490963,0.5217761274261283,0.5180308343809965,1.357982153652095,0.45289842335321695,cnn_lstm_seed44120_20251211_121243,2025-12-11T12:12:43.550890,cuda,navak,Linux,2.8.0+cu128
cnn_lstm_ln,data/splits_10s,3.79e-05,2.54e-06,"CNN=3.79e-05, RNN=2.54e-06",True,False,2.96e-05,32,26796,308676,21,11,True,0.4712993061209737,0.507942211202195,0.524494446026773,1.2995801177891817,0.47428711707553073,cnn_lstm_ln_seed26796_20251210_224350,2025-12-10T22:43:50.030961,cuda,tomra,Windows,2.9.1+cu128
lstm_only,data/splits_10s,,0.000445,RNN=4.45e-04,False,False,1.36e-05,32,21471,215428,12,2,True,0.471254193092441,0.502833977452596,0.548988892053546,1.3515276404944334,0.4663022196747842,lstm_only_seed21471_20251211_091518,2025-12-11T09:15:18.345039,cuda,tomra,Windows,2.9.1+cu128
simple_lstm,data/splits_10s,1.11e-05,2.83e-06,"CNN=1.11e-05, RNN=2.83e-06",True,False,0.000152,64,96374,57044,22,12,True,0.4709716526192412,0.5255425413101349,0.5046995158074623,1.3533539100126786,0.46313094846946,simple_lstm_seed96374_20251211_032116,2025-12-11T03:21:16.577330,cuda,tomra,Windows,2.9.1+cu128
lstm_only,data/splits,,0.000107,RNN=1.07e-04,False,False,0.000203,32,61821,215428,29,19,True,0.47030630037640675,0.5104548546559035,0.5077747634486866,1.2962724010737703,0.4723254856106928,lstm_only_seed61821_20251211_052232,2025-12-11T05:22:32.334762,cuda,tomra,Windows,2.9.1+cu128
cnn_only,data/splits_20s,0.000342,5.16e-05,"CNN=3.42e-04, RNN=5.16e-05",True,False,0.000183,192,27056,44228,24,14,True,0.46965651896597194,0.600376311559955,0.45958680681406305,1.0981413960456847,0.46757533080274916,cnn_only_seed27056_20251210_150710,2025-12-10T15:07:10.350598,cuda,navak,Linux,2.8.0+cu128
cnn_bilstm_seq24,data/splits_20s,1.35e-05,9.86e-05,"CNN=1.35e-05, RNN=9.86e-05",True,False,2.32e-05,64,49692,316612,15,5,True,0.46891966458068846,0.5411417363051927,0.49655672345052554,1.3041309822689404,0.4829465299591273,cnn_bilstm_seq24_seed49692_20251210_231920,2025-12-10T23:19:20.737754,cuda,tomra,Windows,2.9.1+cu128
cnn_lstm_ln,data/splits,0.0001,,1.00e-04,False,False,0.0001,64,164,308676,39,24,True,0.46846599394874766,0.6055970765498099,0.47435982266922516,1.1131056068064291,0.4805399832396234,cnn_lstm_ln_seed164_20251210_235222,2025-12-10T23:52:22.781957,cuda,navak,Linux,2.8.0+cu128
residual,data/splits_10s,1.38e-05,2.78e-05,"CNN=1.38e-05, RNN=2.78e-05",True,False,4.46e-06,256,71350,139732,40,30,True,0.46840119691586013,0.5526464776722569,0.49287952150384506,1.1683389842510223,0.46966344101655,residual_seed71350_20251211_023944,2025-12-11T02:39:44.200755,cuda,navak,Linux,2.8.0+cu128
cnn_lstm_seq16,data/splits,0.00017,7.99e-05,"CNN=1.70e-04, RNN=7.99e-05",True,False,0.000356,256,79320,87588,41,31,True,0.4680024432292855,0.6182310824084056,0.45702375438364323,1.0671064496040343,0.4411582458916858,cnn_lstm_seq16_seed79320_20251210_234548,2025-12-10T23:45:48.138124,cuda,navak,Linux,2.8.0+cu128
lstm_only,data/splits,,0.0001,RNN=1.00e-04,True,False,0.0001,48,5012,215428,34,19,True,0.46631859868403563,0.5104947540406177,0.48547608019585786,1.319150287764413,0.46966324025332246,lstm_only_seed5012_20251208_184808,2025-12-08T18:48:08.048650,cuda,navak,Linux,2.8.0+cu128
gru,data/splits_10s,3.18e-05,7.61e-06,"CNN=3.18e-05, RNN=7.61e-06",True,False,0.000117,64,98762,105652,11,1,True,0.4662785177803765,0.5107137080104016,0.5121048134434634,1.3715484315698796,0.48765450001806715,gru_seed98762_20251211_034950,2025-12-11T03:49:50.687401,cuda,navak,Linux,2.8.0+cu128
bilstm,data/splits_20s,0.000378,4.08e-05,"CNN=3.78e-04, RNN=4.08e-05",True,False,1.11e-06,64,59068,316612,20,10,True,0.46611121222162705,0.6004524000719348,0.4541500543675245,1.098141993988644,0.45324258946696855,bilstm_seed59068_20251211_002618,2025-12-11T00:26:18.166006,cuda,navak,Linux,2.8.0+cu128
cnn_lstm_seq16,data/splits_20s,0.000298,3.22e-06,"CNN=2.98e-04, RNN=3.22e-06",True,False,0.000117,32,85800,87588,14,4,True,0.46528431197980213,0.5444692718191696,0.4635737586081914,1.2616220507128486,0.48094649723861177,cnn_lstm_seq16_seed85800_20251211_124703,2025-12-11T12:47:03.141936,cuda,navak,Linux,2.8.0+cu128
cnn_only,data/splits,2.75e-05,1.58e-05,"CNN=2.75e-05, RNN=1.58e-05",True,False,2.88e-05,64,55940,44228,31,21,True,0.46523714150466894,0.5995774609473332,0.444650301065308,1.4678274079339917,0.4498246569782542,cnn_only_seed55940_20251210_154618,2025-12-10T15:46:18.335079,cuda,navak,Linux,2.8.0+cu128
cnn_lstm_seq16,data/splits_20s,0.000385,3.2e-05,"CNN=3.85e-04, RNN=3.20e-05",True,True,2.57e-06,32,16509,87588,24,3,True,0.46373136628031386,0.5558977490323538,0.4537876042044219,1.2011011208610973,0.4750307104315181,cnn_lstm_seq16_seed16509_20251210_230356,2025-12-10T23:03:56.271954,cuda,tomra,Windows,2.9.1+cu128
lstm_only,data/splits,,4.58e-05,RNN=4.58e-05,False,False,6.32e-05,32,45360,215428,20,10,True,0.4632314954964992,0.5086255230213065,0.48249851121550985,1.3134763029110608,0.45840818749033246,lstm_only_seed45360_20251211_012134,2025-12-11T01:21:34.119372,cuda,navak,Linux,2.8.0+cu128
cnn_only,data/splits_20s,0.0001,,1.00e-04,False,False,0.0001,64,42,44228,11,1,True,0.4630146185109514,0.558962239467172,0.4548749546937296,1.341271861033006,0.4874418813661694,cnn_only_seed42_20251208_162828,2025-12-08T16:28:29.018522,cuda,tomra,Windows,2.9.1+cu128
cnn_only,data/splits,0.0001,,1.00e-04,False,False,0.0001,64,123,44228,21,11,True,0.46087886332545713,0.615942128406894,0.4697942168993582,1.3875469080003504,0.44579940084771535,cnn_only_seed123_20251208_154659,2025-12-08T15:47:00.012892,cuda,tomra,Windows,2.9.1+cu128
lstm_only,data/splits_10s,,0.000118,RNN=1.18e-04,False,False,0.000489,32,11395,215428,16,6,True,0.46062208174277897,0.49879762594121996,0.5277698661350043,1.3413982889868996,0.46878405725569383,lstm_only_seed11395_20251211_040856,2025-12-11T04:08:56.200591,cuda,tomra,Windows,2.9.1+cu128
cnn_bilstm_seq24,data/splits_20s,0.000228,3.32e-05,"CNN=2.28e-04, RNN=3.32e-05",True,False,8.92e-05,128,62016,316612,11,1,True,0.46032351948167766,0.5382821320942481,0.4498006524102936,1.3761344443668018,0.4570210939737566,cnn_bilstm_seq24_seed62016_20251211_130927,2025-12-11T13:09:27.600153,cuda,navak,Linux,2.8.0+cu128
residual,data/splits,0.000308,6.06e-06,"CNN=3.08e-04, RNN=6.06e-06",True,True,1.17e-05,256,477,139732,69,37,True,0.45975991189730947,0.618040722291137,0.4433931052736055,1.1383280009031296,0.4490643246674998,residual_seed477_20251211_120144,2025-12-11T12:01:44.119013,cuda,tomra,Windows,2.9.1+cu128
cnn_only,data/splits,0.000111,4.29e-06,"CNN=1.11e-04, RNN=4.29e-06",True,False,1.78e-06,128,60715,44228,25,15,True,0.4595885227976934,0.611674920243922,0.46231721034870643,1.3716279896868377,0.4365667109553718,cnn_only_seed60715_20251210_155257,2025-12-10T15:52:57.781680,cuda,navak,Linux,2.8.0+cu128
lstm_only,data/splits_10s,,0.000846,RNN=8.46e-04,False,False,6.65e-05,64,79277,215428,15,5,True,0.45933412477359997,0.501341724998644,0.5509826260324694,1.3718362992460078,0.4616485862658012,lstm_only_seed79277_20251211_024741,2025-12-11T02:47:41.995267,cuda,navak,Linux,2.8.0+cu128
cnn_only,data/splits_20s,3.28e-05,,3.28e-05,False,False,1.13e-06,192,84939,44228,12,2,True,0.4592522373898684,0.531514756263965,0.47480971366437114,1.369905654589335,0.452553538700507,cnn_only_seed84939_20251210_222331,2025-12-10T22:23:32.151281,cuda,tomra,Windows,2.9.1+cu128
cnn_lstm,data/splits_20s,0.0001,,1.00e-04,False,False,0.0001,64,42,308420,15,5,True,0.4589512396988367,0.5062849685117544,0.4896701703515767,1.368570696223866,0.4656835886521054,cnn_lstm_seed42_20251208_162910,2025-12-08T16:29:11.255222,cuda,tomra,Windows,2.9.1+cu128
cnn_lstm_ln,data/splits_10s,5.55e-05,3.32e-06,"CNN=5.55e-05, RNN=3.32e-06",True,False,1.6e-06,32,41316,308676,18,8,True,0.45792476563236195,0.5053643114153522,0.4988607234406152,1.3077201149680397,0.46766240346406324,cnn_lstm_ln_seed41316_20251211_030007,2025-12-11T03:00:07.829596,cuda,tomra,Windows,2.9.1+cu128
cnn_lstm_ln,data/splits,0.0001,,1.00e-04,False,False,0.0001,64,42,308676,12,2,True,0.4574232548429848,0.5145682205466873,0.46410375173691526,1.3557582942745354,0.45221166856218975,cnn_lstm_ln_seed42_20251208_122544,2025-12-08T12:25:44.511783,mps,tomrannosaurus,Darwin,2.9.1
cnn_lstm_ln,data/splits,0.0001,,1.00e-04,False,False,0.0001,64,1,308676,11,1,True,0.4560262738529316,0.5067322132795007,0.5169059749884206,1.3640269770400937,0.45201838419415463,cnn_lstm_ln_seed1_20251208_123324,2025-12-08T12:33:24.235898,mps,tomrannosaurus,Darwin,2.9.1
simple_lstm,data/splits_20s,4.39e-05,1.26e-05,"CNN=4.39e-05, RNN=1.26e-05",True,True,1.57e-06,32,23635,57044,31,10,True,0.45589959744602865,0.5599600646409348,0.4632113084450888,1.3039908710567432,0.4751927598449207,simple_lstm_seed23635_20251211_002718,2025-12-11T00:27:18.447863,cuda,navak,Linux,2.8.0+cu128
cnn_lstm,data/splits_20s,0.000308,6.55e-06,"CNN=3.08e-04, RNN=6.55e-06",True,False,1.26e-05,64,34577,308420,14,4,True,0.45571254193930527,0.5162076844578388,0.47046031170714026,1.3650913807478817,0.4641263582102725,cnn_lstm_seed34577_20251211_120149,2025-12-11T12:01:49.986185,cuda,navak,Linux,2.8.0+cu128
gru,data/splits,2.19e-05,2.3e-05,"CNN=2.19e-05, RNN=2.30e-05",True,False,8.39e-05,64,12509,105652,29,19,True,0.45569540293516053,0.5886293478305423,0.5134652286111295,1.1440496410750136,0.4483445589659705,gru_seed12509_20251211_021615,2025-12-11T02:16:15.561282,cuda,navak,Linux,2.8.0+cu128
attention,data/splits_20s,0.000417,4.94e-05,"CNN=4.17e-04, RNN=4.94e-05",True,False,1.9e-05,192,64935,127445,11,1,True,0.45507690647822735,0.5454461109455482,0.49655672345052554,1.369118078549703,0.4428125024478301,attention_seed64935_20251211_034820,2025-12-11T03:48:20.753036,cuda,navak,Linux,2.8.0+cu128
cnn_lstm_seq16,data/splits_10s,2.64e-05,6.68e-05,"CNN=2.64e-05, RNN=6.68e-05",True,False,0.000132,128,51992,87588,13,3,True,0.4543997404773072,0.5188343504785299,0.4994303617203076,1.3626000902869484,0.44525242371295404,cnn_lstm_seq16_seed51992_20251210_223115,2025-12-10T22:31:15.882850,cuda,navak,Linux,2.8.0+cu128
simple_lstm,data/splits,8.23e-05,7.38e-06,"CNN=8.23e-05, RNN=7.38e-06",True,False,4.08e-05,128,55680,57044,11,1,True,0.45380186077572415,0.5197192471324155,0.5548203533381857,1.3572249021850715,0.44865074452641646,simple_lstm_seed55680_20251211_004017,2025-12-11T00:40:17.877126,cuda,navak,Linux,2.8.0+cu128
cnn_only,data/splits_20s,0.000361,7.66e-06,"CNN=3.61e-04, RNN=7.66e-06",True,False,0.000737,192,8320,44228,12,2,True,0.4523989366786188,0.5650045722101984,0.4617615077926785,1.2072292645772298,0.45349899655149123,cnn_only_seed8320_20251210_163056,2025-12-10T16:30:56.343827,cuda,navak,Linux,2.8.0+cu128
cnn_lstm,data/splits_20s,0.0001,,1.00e-04,False,False,0.0001,64,456,308420,17,7,True,0.4516679982038438,0.5216001826874002,0.5255527364987315,1.3245855461467395,0.462967125716814,cnn_lstm_seed456_20251208_163747,2025-12-08T16:37:48.529700,cuda,tomra,Windows,2.9.1+cu128
lstm_only,data/splits,,0.000245,RNN=2.45e-04,False,False,0.000206,128,33130,215428,14,4,True,0.45119702083590363,0.5075604240244701,0.585257725137299,1.3793039772690845,0.4383969513938682,lstm_only_seed33130_20251211_011922,2025-12-11T01:19:22.451347,cuda,navak,Linux,2.8.0+cu128
cnn_only,data/splits_20s,0.000346,2.91e-05,"CNN=3.46e-04, RNN=2.91e-05",True,False,0.000425,256,6776,44228,20,10,True,0.4509503177074143,0.5782538321329461,0.4291409931134469,1.0750524293292651,0.47815296987431605,cnn_only_seed6776_20251210_165859,2025-12-10T16:58:59.062521,cuda,navak,Linux,2.8.0+cu128
cnn_lstm,data/splits_20s,0.000235,1.19e-06,"CNN=2.35e-04, RNN=1.19e-06",True,False,6.49e-06,64,90010,308420,17,7,True,0.44912157319623597,0.5200616621056183,0.508880028996013,1.357758421789516,0.44811722994453845,cnn_lstm_seed90010_20251210_213547,2025-12-10T21:35:47.553282,cuda,navak,Linux,2.8.0+cu128
cnn_lstm,data/splits,0.0001,,1.00e-04,False,False,0.0001,64,1,308420,11,1,True,0.446955085767071,0.5037225413333856,0.5759941771984385,1.359692189260877,0.43704972650390533,cnn_lstm_seed1_20251208_123401,2025-12-08T12:34:01.117438,mps,tomrannosaurus,Darwin,2.9.1
bilstm,data/splits,4.55e-05,1.47e-06,"CNN=4.55e-05, RNN=1.47e-06",True,False,1.28e-05,32,63785,316612,11,1,True,0.445534775829167,0.5328230260390069,0.44167273208496,1.2925305011156498,0.4321080235520146,bilstm_seed63785_20251211_003031,2025-12-11T00:30:31.244248,cuda,navak,Linux,2.8.0+cu128
cnn_lstm,data/splits_20s,0.000131,2.79e-06,"CNN=1.31e-04, RNN=2.79e-06",True,False,3.7e-05,64,94660,308420,24,14,True,0.4441417348803575,0.5173848675765828,0.4345777455599855,1.3596612269228154,0.45711525207816056,cnn_lstm_seed94660_20251211_121449,2025-12-11T12:14:49.042362,cuda,navak,Linux,2.8.0+cu128
cnn_lstm,data/splits,0.0001,,1.00e-04,False,False,0.0001,64,42,308420,11,1,True,0.4430860221846758,0.5085501568891473,0.5826109971547674,1.3674488686308075,0.4332446402303831,cnn_lstm_seed42_20251208_121743,2025-12-08T12:17:43.365313,mps,tomrannosaurus,Darwin,2.9.1
residual,data/splits_20s,0.0001,,1.00e-04,False,False,0.0001,64,123,139732,20,10,True,0.44180120459409217,0.5724075379367979,0.43820224719101125,1.1152390946041455,0.45844919747724433,residual_seed123_20251211_002633,2025-12-11T00:26:33.994720,cuda,tomra,Windows,2.9.1+cu128
cnn_lstm,data/splits,2.45e-05,2.56e-05,"CNN=2.45e-05, RNN=2.56e-05",True,False,6.51e-05,192,68142,308420,16,6,True,0.4416450650577602,0.5292027697318271,0.44101105008932706,1.2995826036115237,0.4429197061401395,cnn_lstm_seed68142_20251211_121711,2025-12-11T12:17:11.124335,cuda,navak,Linux,2.8.0+cu128
bilstm,data/splits_10s,3.28e-05,1.65e-06,"CNN=3.28e-05, RNN=1.65e-06",True,False,0.000141,256,74980,316612,27,17,True,0.44112624404269896,0.5756771582576661,0.4520079749359157,1.1166541214500154,0.46505396960727713,bilstm_seed74980_20251210_162039,2025-12-10T16:20:39.822760,cuda,navak,Linux,2.8.0+cu128
cnn_lstm,data/splits_20s,0.0001,,1.00e-04,False,False,0.0001,64,123,308420,11,1,True,0.44000577648355493,0.5079311417999332,0.5679594055817325,1.3825717514211482,0.44813706272808823,cnn_lstm_seed123_20251208_163359,2025-12-08T16:34:00.088525,cuda,tomra,Windows,2.9.1+cu128
cnn_only,data/splits_10s,7.53e-05,7.28e-06,"CNN=7.53e-05, RNN=7.28e-06",True,False,0.000224,32,51910,44228,12,2,True,0.43990721991484455,0.5638840155347651,0.4285103958986044,1.1985773528164083,0.4566752938074939,cnn_only_seed51910_20251210_143728,2025-12-10T14:37:28.386728,cuda,navak,Linux,2.8.0+cu128
cnn_only,data/splits_10s,0.000203,2.42e-05,"CNN=2.03e-04, RNN=2.42e-05",True,False,0.000412,192,80355,44228,23,13,True,0.438857886156385,0.5962103015532007,0.43278268299629735,1.306553462067166,0.45527248353201616,cnn_only_seed80355_20251210_154723,2025-12-10T15:47:23.921328,cuda,navak,Linux,2.8.0+cu128
bilstm,data/splits,0.0001,,1.00e-04,False,False,0.0001,64,42,316612,13,3,True,0.4366087238717929,0.5009979507551112,0.5889631443128432,1.3748086570184441,0.4259830380392468,bilstm_seed42_20251208_125922,2025-12-08T12:59:22.538107,mps,tomrannosaurus,Darwin,2.9.1
cnn_lstm,data/splits,4.98e-05,1.41e-05,"CNN=4.98e-05, RNN=1.41e-05",True,False,1.24e-06,192,45050,308420,17,7,True,0.4356691807893473,0.5290327967145247,0.4138820882683782,1.3210860596427434,0.41501373048167184,cnn_lstm_seed45050_20251210_213546,2025-12-10T21:35:46.825607,cuda,navak,Linux,2.8.0+cu128
cnn_only,data/splits_20s,0.00044,,4.40e-04,False,False,0.000266,192,9367,44228,12,2,True,0.43565962981431317,0.5475860868500397,0.3896339253352664,1.1622332811355591,0.4483628421621065,cnn_only_seed9367_20251211_025105,2025-12-11T02:51:05.731542,cuda,tomra,Windows,2.9.1+cu128
residual,data/splits_20s,1.91e-05,8.33e-05,"CNN=1.91e-05, RNN=8.33e-05",True,False,3.28e-06,256,73152,139732,11,1,True,0.4356060094423841,0.5136012378723523,0.5454874954693729,1.3861266808076338,0.436938454807141,residual_seed73152_20251211_030424,2025-12-11T03:04:24.647823,cuda,navak,Linux,2.8.0+cu128
cnn_only,data/splits,0.000106,,1.06e-04,False,False,4.77e-06,256,2805,44228,30,20,True,0.4344749030485296,0.6000384367117723,0.4312181565539602,1.3444491664568583,0.4213543614233103,cnn_only_seed2805_20251211_113001,2025-12-11T11:30:01.901069,cuda,navak,Linux,2.8.0+cu128
cnn_bilstm_seq24,data/splits,1.42e-05,2.19e-06,"CNN=1.42e-05, RNN=2.19e-06",True,True,0.000701,32,31415,316612,25,4,True,0.43446821857012285,0.5453612147180946,0.4320783431482829,1.2442507005393126,0.4504849029940791,cnn_bilstm_seq24_seed31415_20251210_232410,2025-12-10T23:24:10.267040,cuda,tomra,Windows,2.9.1+cu128
simple_lstm,data/splits,3e-05,9.8e-06,"CNN=3.00e-05, RNN=9.80e-06",True,False,0.000996,64,53860,57044,11,1,True,0.43369246492461316,0.515607418085489,0.5589227817111097,1.3559922794752484,0.42462170377657943,simple_lstm_seed53860_20251210_164249,2025-12-10T16:42:49.648721,cuda,navak,Linux,2.8.0+cu128
cnn_only,data/splits,3.29e-05,2.37e-06,"CNN=3.29e-05, RNN=2.37e-06",True,False,1.3e-06,192,29224,44228,11,1,True,0.4336669276783374,0.515942918320525,0.44160656388539665,1.352232207225848,0.4341945886880563,cnn_only_seed29224_20251210_154628,2025-12-10T15:46:28.327424,cuda,navak,Linux,2.8.0+cu128
cnn_only,data/splits,4.7e-05,,4.70e-05,False,False,2.18e-05,64,82391,44228,40,30,True,0.43310774532717067,0.5957147662312722,0.4343280619334348,1.5768696250166068,0.419056466773344,cnn_only_seed82391_20251210_215027,2025-12-10T21:50:27.651659,cuda,navak,Linux,2.8.0+cu128
cnn_lstm_meanpool,data/splits_20s,0.000169,2.27e-05,"CNN=1.69e-04, RNN=2.27e-05",True,False,0.000106,32,94016,127348,11,1,True,0.43244127094678897,0.5521633880004901,0.5654222544400145,1.3149280808437829,0.4395797607363065,cnn_lstm_meanpool_seed94016_20251211_004930,2025-12-11T00:49:30.493577,cuda,navak,Linux,2.8.0+cu128
attention,data/splits_10s,2.01e-05,7.39e-06,"CNN=2.01e-05, RNN=7.39e-06",True,False,3.56e-06,192,80125,127445,11,1,True,0.4324356102294664,0.5212308063647473,0.5847336941042438,1.3822670498409786,0.43077661633518866,attention_seed80125_20251211_031850,2025-12-11T03:18:50.408466,cuda,navak,Linux,2.8.0+cu128
cnn_lstm_ln,data/splits,6.38e-05,3.15e-05,"CNN=6.38e-05, RNN=3.15e-05",True,False,2.92e-06,64,27120,308676,11,1,True,0.4322522632678766,0.5115991968933294,0.42810825117448553,1.345172546583892,0.4293633258093972,cnn_lstm_ln_seed27120_20251211_123840,2025-12-11T12:38:40.529735,cuda,navak,Linux,2.8.0+cu128
cnn_lstm,data/splits_10s,1.28e-05,1.71e-06,"CNN=1.28e-05, RNN=1.71e-06",True,False,1.61e-05,128,65364,308420,11,1,True,0.4321948789252565,0.5010968584633749,0.5853033323839362,1.3819920063018798,0.43094293739372774,cnn_lstm_seed65364_20251210_214754,2025-12-10T21:47:54.938382,cuda,navak,Linux,2.8.0+cu128
cnn_lstm,data/splits,2.88e-05,3.66e-06,"CNN=2.88e-05, RNN=3.66e-06",True,False,0.000609,32,82108,308420,18,8,True,0.43175299337658163,0.5286730952943065,0.4314828293522133,1.2843647746656712,0.41042080106606854,cnn_lstm_seed82108_20251211_120155,2025-12-11T12:01:55.778370,cuda,navak,Linux,2.8.0+cu128
cnn_lstm,data/splits_10s,3.32e-05,1.18e-05,"CNN=3.32e-05, RNN=1.18e-05",True,False,1.63e-06,128,65855,308420,17,7,True,0.43162242843834725,0.5042479820600602,0.5823127314155512,1.3789832635359331,0.4317864398846091,cnn_lstm_seed65855_20251211_120803,2025-12-11T12:08:03.036250,cuda,navak,Linux,2.8.0+cu128
cnn_only,data/splits_20s,0.000204,9.75e-06,"CNN=2.04e-04, RNN=9.75e-06",True,False,0.000466,64,86060,44228,23,13,True,0.4310380423398155,0.580996089611031,0.40811888365349763,1.2711156566034665,0.44082581614390737,cnn_only_seed86060_20251210_150142,2025-12-10T15:01:42.642794,cuda,navak,Linux,2.8.0+cu128
cnn_only,data/splits_20s,0.00012,,1.20e-04,False,False,8.17e-05,256,58744,44228,12,2,True,0.4303860578001071,0.552226381029112,0.525915186661834,1.3556732589548284,0.43118886149295355,cnn_only_seed58744_20251210_222244,2025-12-10T22:22:45.456475,cuda,tomra,Windows,2.9.1+cu128
cnn_lstm,data/splits_20s,4.68e-05,3.68e-06,"CNN=4.68e-05, RNN=3.68e-06",True,False,7.43e-06,32,86504,308420,15,5,True,0.4296397681856548,0.5031879138299579,0.4450888002899601,1.3586358133403735,0.4333473897383,cnn_lstm_seed86504_20251211_120854,2025-12-11T12:08:54.853460,cuda,navak,Linux,2.8.0+cu128
cnn_only,data/splits_20s,0.0001,,1.00e-04,False,False,0.0001,64,456,44228,18,8,True,0.4293082978363594,0.5651212526043377,0.3881841246828561,1.2402898195115002,0.44923270551822947,cnn_only_seed456_20251208_163643,2025-12-08T16:36:44.354845,cuda,tomra,Windows,2.9.1+cu128
cnn_only,data/splits_10s,6.27e-05,2.82e-06,"CNN=6.27e-05, RNN=2.82e-06",True,False,4.92e-05,32,58032,44228,22,12,True,0.4287324582548418,0.5873146098997929,0.42409569923098833,1.5170391527766531,0.44099468958517296,cnn_only_seed58032_20251210_161751,2025-12-10T16:17:51.861145,cuda,navak,Linux,2.8.0+cu128
bilstm,data/splits_20s,0.000188,3.22e-06,"CNN=1.88e-04, RNN=3.22e-06",True,False,4.98e-06,128,90668,316612,15,5,True,0.42725370670904633,0.5336738421526976,0.42587894164552376,1.2591690150174228,0.43385790622215376,bilstm_seed90668_20251211_023147,2025-12-11T02:31:47.557039,cuda,navak,Linux,2.8.0+cu128
cnn_only,data/splits_10s,3.95e-05,,3.95e-05,False,False,2.32e-06,32,42872,44228,11,1,True,0.426794380309236,0.5319130513478072,0.41013956137852464,1.2995597682215951,0.45537723393697505,cnn_only_seed42872_20251210_222125,2025-12-10T22:21:26.625093,cuda,tomra,Windows,2.9.1+cu128
cnn_lstm_seq16,data/splits_20s,3.18e-05,3.82e-05,"CNN=3.18e-05, RNN=3.82e-05",True,False,2.95e-06,256,89452,87588,48,38,True,0.4265154523990735,0.5443988714627627,0.454512504530627,1.2075811949643223,0.4209624297052827,cnn_lstm_seq16_seed89452_20251210_222203,2025-12-10T22:22:03.404036,cuda,navak,Linux,2.8.0+cu128
cnn_lstm_seq16,data/splits_20s,5.69e-05,1.4e-06,"CNN=5.69e-05, RNN=1.40e-06",True,False,3.1e-06,256,44416,87588,16,6,True,0.42510430510732766,0.5175424323202211,0.553098948894527,1.3831642974506726,0.4390483957925522,cnn_lstm_seq16_seed44416_20251211_125155,2025-12-11T12:51:55.703013,cuda,navak,Linux,2.8.0+cu128
gru,data/splits_10s,0.000156,5.66e-05,"CNN=1.56e-04, RNN=5.66e-05",True,True,0.000147,256,14916,105652,31,4,True,0.4236922726905768,0.547594005268752,0.45485616633437764,1.1259111485310964,0.4649870100405448,gru_seed14916_20251211_031019,2025-12-11T03:10:19.896914,cuda,navak,Linux,2.8.0+cu128
cnn_lstm,data/splits,2.04e-05,3.02e-06,"CNN=2.04e-05, RNN=3.02e-06",True,True,9.68e-05,256,33760,308420,35,25,True,0.42343387560750023,0.5087394107591092,0.5243829815390724,1.3836223085721333,0.41632982980912786,cnn_lstm_seed33760_20251210_214027,2025-12-10T21:40:27.417370,cuda,navak,Linux,2.8.0+cu128
cnn_lstm_ln,data/splits_20s,0.0006,2.77e-05,"CNN=6.00e-04, RNN=2.77e-05",True,True,4.99e-05,32,30601,308676,24,3,True,0.4225944891948782,0.5147417715919106,0.4034070315331642,1.3835058363004662,0.45228625486254137,cnn_lstm_ln_seed30601_20251211_122721,2025-12-11T12:27:21.646119,cuda,navak,Linux,2.8.0+cu128
cnn_only,data/splits_20s,1e-05,,1.00e-05,False,False,0.000821,256,81590,44228,11,1,True,0.42225552294994284,0.5659007768646237,0.5770206596592968,1.3862857276743108,0.42929684767155907,cnn_only_seed81590_20251210_214816,2025-12-10T21:48:16.724511,cuda,navak,Linux,2.8.0+cu128
attention,data/splits_20s,4.66e-05,9.05e-06,"CNN=4.66e-05, RNN=9.05e-06",True,False,2.01e-05,64,13666,127445,12,2,True,0.4222210276047506,0.5319514883674132,0.5712214570496557,1.374251734126698,0.43136798855893815,attention_seed13666_20251211_032146,2025-12-11T03:21:46.712177,cuda,navak,Linux,2.8.0+cu128
gru,data/splits,4.05e-05,1.41e-05,"CNN=4.05e-05, RNN=1.41e-05",True,False,0.000984,64,35296,105652,24,14,True,0.4207194253778165,0.5672158136456914,0.4031628399391253,1.1870389926534162,0.4012986118229026,gru_seed35296_20251211_035203,2025-12-11T03:52:03.927303,cuda,navak,Linux,2.8.0+cu128
bilstm,data/splits_20s,1.7e-05,3.11e-05,"CNN=1.70e-05, RNN=3.11e-05",True,False,0.000149,128,54327,316612,62,52,True,0.41992204757115864,0.5515302772372779,0.38999637549836896,1.1407761790535667,0.41651950788180175,bilstm_seed54327_20251211_001430,2025-12-11T00:14:30.707642,cuda,navak,Linux,2.8.0+cu128
cnn_lstm_ln,data/splits,0.000562,2e-05,"CNN=5.62e-04, RNN=2.00e-05",True,False,1.18e-05,192,39780,308676,11,1,True,0.41827136271583426,0.5132995370163302,0.3972738701779925,1.3663287751282318,0.40914899533837445,cnn_lstm_ln_seed39780_20251210_215518,2025-12-10T21:55:18.706540,cuda,navak,Linux,2.8.0+cu128
lstm_only,data/splits,,0.000157,RNN=1.57e-04,False,False,2.94e-06,64,38511,215428,18,8,True,0.4172513263747786,0.5080097754122933,0.49427645073777543,1.340274022098332,0.4094511030266925,lstm_only_seed38511_20251211_021246,2025-12-11T02:12:46.896351,cuda,navak,Linux,2.8.0+cu128
cnn_lstm_ln,data/splits,5.77e-05,1.68e-05,"CNN=5.77e-05, RNN=1.68e-05",True,False,4.34e-06,192,81245,308676,11,1,True,0.41724403282390266,0.5203881068518404,0.4093826506980745,1.3738668613795992,0.40312996152198954,cnn_lstm_ln_seed81245_20251210_215747,2025-12-10T21:57:47.052234,cuda,navak,Linux,2.8.0+cu128
cnn_lstm_seq16,data/splits_10s,2.47e-05,8.39e-06,"CNN=2.47e-05, RNN=8.39e-06",True,True,1.48e-05,256,12183,87588,45,21,True,0.41672805143067515,0.5292907920863205,0.4001708914839077,1.2060568247522627,0.44038001042260355,cnn_lstm_seq16_seed12183_20251211_124436,2025-12-11T12:44:36.676522,cuda,navak,Linux,2.8.0+cu128
simple_lstm,data/splits_10s,0.000124,3.73e-05,"CNN=1.24e-04, RNN=3.73e-05",True,False,1.5e-05,192,67476,57044,11,1,True,0.4166839577389184,0.523208614275614,0.5041298775277698,1.376295263702805,0.41016208033912865,simple_lstm_seed67476_20251211_024443,2025-12-11T02:44:43.569560,cuda,navak,Linux,2.8.0+cu128
cnn_lstm,data/splits,6.66e-05,1.67e-06,"CNN=6.66e-05, RNN=1.67e-06",True,False,1.42e-06,128,37250,308420,21,11,True,0.4156109463400999,0.524643363348653,0.3905247138225369,1.3257292158463423,0.3955193887453896,cnn_lstm_seed37250_20251211_120428,2025-12-11T12:04:28.902915,cuda,navak,Linux,2.8.0+cu128
cnn_lstm_ln,data/splits,5e-05,0.0001,"CNN=5.00e-05, RNN=1.00e-04",True,False,0.001,96,9134,308676,23,8,True,0.4154620961377321,0.5474255232072347,0.3911863958181698,1.2398909217194667,0.39865324318601775,cnn_lstm_ln_seed9134_20251208_175515,2025-12-08T17:55:15.936462,cuda,navak,Linux,2.8.0+cu128
simple_lstm,data/splits,0.000308,1.26e-05,"CNN=3.08e-04, RNN=1.26e-05",True,False,1.91e-05,128,9589,57044,11,1,True,0.413347123889033,0.5361052456239302,0.37576920531992325,1.2940927733894156,0.389895879107247,simple_lstm_seed9589_20251211_023855,2025-12-11T02:38:55.325111,cuda,navak,Linux,2.8.0+cu128
residual,data/splits_10s,0.000968,5.24e-06,"CNN=9.68e-04, RNN=5.24e-06",True,True,5.27e-06,256,52315,139732,31,10,True,0.412827636894375,0.5952313728050037,0.38507547707205925,1.08900243469647,0.4638494327065762,residual_seed52315_20251211_105230,2025-12-11T10:52:30.280631,cuda,tomra,Windows,2.9.1+cu128
cnn_lstm_seq16,data/splits,4.06e-05,2.88e-05,"CNN=4.06e-05, RNN=2.88e-05",True,False,1.24e-05,192,90498,87588,13,3,True,0.4121517836455267,0.5415043058746084,0.41447760206444784,1.2455891853646388,0.3802034225623645,cnn_lstm_seq16_seed90498_20251211_125838,2025-12-11T12:58:38.113877,cuda,navak,Linux,2.8.0+cu128
cnn_only,data/splits_20s,9.67e-05,1.88e-06,"CNN=9.67e-05, RNN=1.88e-06",True,False,7.2e-06,64,35340,44228,20,10,True,0.41199941777965116,0.5646212459741035,0.3878216745197535,1.2195379016074268,0.4403529185669068,cnn_only_seed35340_20251210_143120,2025-12-10T14:31:20.774193,cuda,navak,Linux,2.8.0+cu128
cnn_lstm_ln,data/splits_10s,0.000698,2.93e-05,"CNN=6.98e-04, RNN=2.93e-05",True,True,0.000137,128,57041,308676,23,13,True,0.4117893136342819,0.5067147802582214,0.44673882084876104,1.3675775441256437,0.4157503906706898,cnn_lstm_ln_seed57041_20251210_222417,2025-12-10T22:24:18.687039,cuda,tomra,Windows,2.9.1+cu128
cnn_only,data/splits_10s,3.53e-05,2.31e-05,"CNN=3.53e-05, RNN=2.31e-05",True,False,1.46e-05,64,50385,44228,11,1,True,0.4111707970876964,0.528886441845379,0.4908857875249217,1.3407963525165212,0.4110574907818167,cnn_only_seed50385_20251210_143855,2025-12-10T14:38:55.604131,cuda,navak,Linux,2.8.0+cu128
cnn_only,data/splits_10s,0.000233,4.49e-05,"CNN=2.33e-04, RNN=4.49e-05",True,False,1.13e-06,256,65319,44228,11,1,True,0.4106743547610219,0.5339009300203296,0.40814582739960126,1.294057662997927,0.4248982196752611,cnn_only_seed65319_20251210_170306,2025-12-10T17:03:06.679094,cuda,navak,Linux,2.8.0+cu128
cnn_bilstm_seq24,data/splits_20s,0.000362,1.83e-05,"CNN=3.62e-04, RNN=1.83e-05",True,False,0.000601,128,24482,316612,11,1,True,0.40889859152108504,0.5349730997871543,0.4835085175788329,1.3748576099222356,0.4186211048294481,cnn_bilstm_seq24_seed24482_20251211_130850,2025-12-11T13:08:50.159528,cuda,navak,Linux,2.8.0+cu128
gru,data/splits,8.78e-05,6.65e-06,"CNN=8.78e-05, RNN=6.65e-06",True,False,1.42e-06,256,35130,105652,11,1,True,0.40877939367856414,0.5362959751655483,0.4605968371600609,1.3616358101367951,0.4030539453904237,gru_seed35130_20251211_030538,2025-12-11T03:05:38.701253,cuda,navak,Linux,2.8.0+cu128
cnn_only,data/splits,7.88e-05,2.18e-06,"CNN=7.88e-05, RNN=2.18e-06",True,False,0.000134,192,96379,44228,24,14,True,0.4073975354534837,0.5820193429796605,0.3897306954277774,1.4590410756159433,0.3950900646915127,cnn_only_seed96379_20251210_170031,2025-12-10T17:00:31.135259,cuda,navak,Linux,2.8.0+cu128
residual,data/splits,3.75e-05,1.73e-06,"CNN=3.75e-05, RNN=1.73e-06",True,True,3.36e-05,32,61320,139732,23,2,True,0.40734734653490196,0.5457553077128655,0.3644544431946007,1.2580866779635875,0.4093926234380449,residual_seed61320_20251211_015853,2025-12-11T01:58:53.760326,cuda,navak,Linux,2.8.0+cu128
cnn_lstm,data/splits,2.73e-05,4.08e-06,"CNN=2.73e-05, RNN=4.08e-06",True,True,9.95e-06,256,52500,308420,26,16,True,0.406313817137103,0.5090329252986083,0.4157347978561503,1.3819774746894837,0.4136116827673389,cnn_lstm_seed52500_20251211_112406,2025-12-11T11:24:06.407149,cuda,navak,Linux,2.8.0+cu128
cnn_lstm_ln,data/splits,7.01e-05,5.71e-06,"CNN=7.01e-05, RNN=5.71e-06",True,True,0.000101,256,38072,308676,22,1,True,0.4061012702367965,0.5078469932472004,0.4548402037980547,1.3776341994603476,0.3985166253574196,cnn_lstm_ln_seed38072_20251211_130908,2025-12-11T13:09:08.588262,cuda,navak,Linux,2.8.0+cu128
bilstm,data/splits_20s,4.45e-05,1.48e-06,"CNN=4.45e-05, RNN=1.48e-06",True,False,0.0004,64,81458,316612,16,6,True,0.40542695172936744,0.5293221129237289,0.424791591156216,1.3498830876567147,0.42242424886800023,bilstm_seed81458_20251211_024405,2025-12-11T02:44:05.404570,cuda,tomra,Windows,2.9.1+cu128
residual,data/splits_10s,0.000133,1.2e-06,"CNN=1.33e-04, RNN=1.20e-06",True,True,1.55e-06,64,99344,139732,42,21,True,0.40454416979103863,0.6001199760277371,0.37325548276844206,1.1516173349185423,0.4408071722761913,residual_seed99344_20251211_013835,2025-12-11T01:38:35.200216,cuda,navak,Linux,2.8.0+cu128
residual,data/splits_20s,2.55e-05,2.01e-06,"CNN=2.55e-05, RNN=2.01e-06",True,False,0.000382,192,7705,139732,25,15,True,0.40277022774687715,0.5343453987242438,0.38383472272562524,1.3433056910832724,0.4101438900520164,residual_seed7705_20251211_015421,2025-12-11T01:54:21.579986,cuda,navak,Linux,2.8.0+cu128
cnn_only,data/splits_20s,7.93e-05,1.67e-05,"CNN=7.93e-05, RNN=1.67e-05",True,False,2.84e-05,192,18376,44228,12,2,True,0.40170723517525486,0.5316995309554912,0.36679956505980427,1.3349240938822429,0.4088470192741842,cnn_only_seed18376_20251210_161623,2025-12-10T16:16:23.139482,cuda,navak,Linux,2.8.0+cu128
cnn_only,data/splits_20s,0.000138,,1.38e-04,False,False,1.35e-06,192,53788,44228,29,19,True,0.4009401160635112,0.5585422482887324,0.3747734686480609,1.2507371366024018,0.4378451225418193,cnn_only_seed53788_20251211_025303,2025-12-11T02:53:03.236653,cuda,tomra,Windows,2.9.1+cu128
cnn_bilstm_seq24,data/splits_20s,3.63e-05,1.62e-06,"CNN=3.63e-05, RNN=1.62e-06",True,False,1.19e-06,128,76340,316612,21,11,True,0.4006818049406218,0.5271604372683313,0.36063791228706055,1.3554889505559748,0.40009949803587586,cnn_bilstm_seq24_seed76340_20251211_004541,2025-12-11T00:45:41.529942,cuda,navak,Linux,2.8.0+cu128
cnn_lstm_seq16,data/splits_20s,0.000585,6.29e-05,"CNN=5.85e-04, RNN=6.29e-05",True,False,1.26e-05,192,41243,87588,12,2,True,0.39911203665395945,0.5247171447893878,0.36969916636462485,1.3322221597035726,0.41692337487991854,cnn_lstm_seq16_seed41243_20251210_231538,2025-12-10T23:15:38.038528,cuda,tomra,Windows,2.9.1+cu128
cnn_only,data/splits_10s,0.000142,1.14e-06,"CNN=1.42e-04, RNN=1.14e-06",True,False,8.98e-05,192,31040,44228,22,12,True,0.3967221695790211,0.5681716698385594,0.37482198803759614,1.350725373706302,0.4167184167284114,cnn_only_seed31040_20251210_150031,2025-12-10T15:00:31.299226,cuda,navak,Linux,2.8.0+cu128
residual,data/splits,0.000165,4.33e-06,"CNN=1.65e-04, RNN=4.33e-06",True,False,0.000339,192,99947,139732,44,34,True,0.3962446378254943,0.5926374767225289,0.3707404221531132,1.1945887041997305,0.38302298396987716,residual_seed99947_20251211_032356,2025-12-11T03:23:56.311559,cuda,navak,Linux,2.8.0+cu128
cnn_lstm_ln,data/splits,6.92e-05,3.67e-06,"CNN=6.92e-05, RNN=3.67e-06",True,False,1.42e-06,192,67844,308676,11,1,True,0.3957133124495458,0.5118517517173983,0.4007807847548468,1.378786589525923,0.38646666377927613,cnn_lstm_ln_seed67844_20251211_122919,2025-12-11T12:29:19.648078,cuda,navak,Linux,2.8.0+cu128
gru,data/splits,5e-05,1e-05,"CNN=5.00e-05, RNN=1.00e-05",True,False,0.0001,256,1994,105652,17,2,True,0.3956502331142234,0.5438028001854055,0.37722490571031564,1.2212102661530178,0.38224267086284364,gru_seed1994_20251208_191202,2025-12-08T19:12:02.564572,cuda,navak,Linux,2.8.0+cu128
cnn_lstm_seq16,data/splits,0.000296,1.1e-06,"CNN=2.96e-04, RNN=1.10e-06",True,False,6.62e-06,64,42000,87588,37,27,True,0.39462921631523123,0.5860005506177958,0.36074902401905645,1.1972592997400067,0.37649900420728943,cnn_lstm_seq16_seed42000_20251211_000510,2025-12-11T00:05:10.803463,cuda,navak,Linux,2.8.0+cu128
simple_lstm,data/splits,0.000104,2.41e-06,"CNN=1.04e-04, RNN=2.41e-06",True,False,1.12e-05,256,95396,57044,11,1,True,0.39373742530098593,0.5232280819873537,0.4553033811949977,1.3822818358739217,0.37791414563139664,simple_lstm_seed95396_20251211_035251,2025-12-11T03:52:51.169133,cuda,tomra,Windows,2.9.1+cu128
cnn_lstm_ln,data/splits_20s,0.000258,2.78e-05,"CNN=2.58e-04, RNN=2.78e-05",True,True,6.1e-06,128,75799,308676,36,15,True,0.3912630420411739,0.5198312257765895,0.35230155853570133,1.3469116254286333,0.4422937211604407,cnn_lstm_ln_seed75799_20251210_222315,2025-12-10T22:23:15.042681,cuda,navak,Linux,2.8.0+cu128
cnn_lstm_seq16,data/splits,0.000448,1.82e-06,"CNN=4.48e-04, RNN=1.82e-06",True,False,4.12e-05,192,18697,87588,15,5,True,0.3898484011144175,0.5599528210077803,0.362469397207702,1.1832375179363201,0.3750769479187276,cnn_lstm_seq16_seed18697_20251211_123806,2025-12-11T12:38:06.803742,cuda,navak,Linux,2.8.0+cu128
cnn_lstm_meanpool,data/splits,0.000185,3.73e-06,"CNN=1.85e-04, RNN=3.73e-06",True,False,0.000955,256,66659,127348,34,24,True,0.3895153790408971,0.588260631904287,0.3547938860583604,1.1520161509513855,0.3780581498823815,cnn_lstm_meanpool_seed66659_20251211_003631,2025-12-11T00:36:31.633824,cuda,tomra,Windows,2.9.1+cu128
cnn_bilstm_seq24,data/splits_10s,1.36e-05,8.01e-06,"CNN=1.36e-05, RNN=8.01e-06",True,False,0.000242,256,47335,316612,16,6,True,0.3869279226289681,0.5196265082331342,0.34605525491313016,1.3694740406104497,0.3814112897391286,cnn_bilstm_seq24_seed47335_20251211_130331,2025-12-11T13:03:31.715373,cuda,navak,Linux,2.8.0+cu128
cnn_lstm,data/splits_20s,0.000643,2.93e-05,"CNN=6.43e-04, RNN=2.93e-05",True,False,0.000305,128,74590,308420,15,5,True,0.3865319928080182,0.5198836764804577,0.35592606016672707,1.3299052877859636,0.3983336048874086,cnn_lstm_seed74590_20251210_213548,2025-12-10T21:35:48.264627,cuda,navak,Linux,2.8.0+cu128
cnn_lstm_ln,data/splits_10s,2.44e-05,1.6e-05,"CNN=2.44e-05, RNN=1.60e-05",True,False,0.000191,128,85060,308676,13,3,True,0.38513938835982214,0.5062742128308351,0.4041583594417545,1.3755800052122635,0.3734161108189658,cnn_lstm_ln_seed85060_20251211_122346,2025-12-11T12:23:46.653737,cuda,navak,Linux,2.8.0+cu128
cnn_lstm_ln,data/splits_10s,5.89e-05,4.34e-05,"CNN=5.89e-05, RNN=4.34e-05",True,True,4.9e-05,192,71995,308676,29,19,True,0.3846671237694568,0.5036188303350061,0.3644260894332099,1.3787371854524355,0.3998575831998396,cnn_lstm_ln_seed71995_20251211_123432,2025-12-11T12:34:32.644279,cuda,navak,Linux,2.8.0+cu128
cnn_lstm_seq16,data/splits_20s,0.000707,6.03e-06,"CNN=7.07e-04, RNN=6.03e-06",True,True,9.96e-06,256,81622,87588,27,4,True,0.38153135875492156,0.5358771274337123,0.3323667995650598,1.2717374996705488,0.44774282219930245,cnn_lstm_seq16_seed81622_20251211_124802,2025-12-11T12:48:02.377986,cuda,navak,Linux,2.8.0+cu128
residual,data/splits_20s,0.000826,1.69e-05,"CNN=8.26e-04, RNN=1.69e-05",True,True,1.39e-06,128,47187,139732,27,6,True,0.38136769724380365,0.576720308281639,0.3392533526640087,1.0970773615620353,0.4363519195827589,residual_seed47187_20251211_030157,2025-12-11T03:01:57.441342,cuda,navak,Linux,2.8.0+cu128
gru,data/splits_20s,0.000792,1.59e-06,"CNN=7.92e-04, RNN=1.59e-06",True,True,5.02e-05,256,16150,105652,25,15,True,0.3802718011161612,0.531047110576291,0.39035882566147156,1.28378380428661,0.3996463198443673,gru_seed16150_20251211_023721,2025-12-11T02:37:21.623374,cuda,navak,Linux,2.8.0+cu128
cnn_bilstm_seq24,data/splits_20s,0.000447,9.4e-06,"CNN=4.47e-04, RNN=9.40e-06",True,False,1.77e-06,128,13205,316612,17,7,True,0.38002252649393836,0.5583288992320445,0.3392533526640087,1.1079324510964481,0.3664131566837438,cnn_bilstm_seq24_seed13205_20251211_003045,2025-12-11T00:30:45.399995,cuda,navak,Linux,2.8.0+cu128
cnn_lstm,data/splits,0.000603,4e-05,"CNN=6.03e-04, RNN=4.00e-05",True,False,0.000443,192,600,308420,11,1,True,0.377367577398971,0.5160534428498543,0.4061404089194733,1.3701214081124415,0.3654788196368377,cnn_lstm_seed600_20251211_115538,2025-12-11T11:55:38.668587,cuda,navak,Linux,2.8.0+cu128
bilstm,data/splits_10s,4.61e-05,5.07e-06,"CNN=4.61e-05, RNN=5.07e-06",True,False,8.41e-05,192,14900,316612,12,2,True,0.37634866352587876,0.5418573452360085,0.4070065508402165,1.3737933281305674,0.36394282028166836,bilstm_seed14900_20251211_022748,2025-12-11T02:27:48.178650,cuda,navak,Linux,2.8.0+cu128
cnn_only,data/splits_10s,0.000167,3.24e-05,"CNN=1.67e-04, RNN=3.24e-05",True,False,9.65e-06,192,47610,44228,15,5,True,0.3735768761963564,0.5483170653032169,0.32326972372543433,1.3422671218176145,0.391495974857531,cnn_only_seed47610_20251210_143752,2025-12-10T14:37:52.347645,cuda,navak,Linux,2.8.0+cu128
cnn_only,data/splits_10s,0.000102,1.07e-06,"CNN=1.02e-04, RNN=1.07e-06",True,False,1.88e-06,256,70228,44228,12,2,True,0.3639862386858817,0.5275500275598012,0.3050412987752777,1.2901551808629717,0.3882192624029115,cnn_only_seed70228_20251210_144152,2025-12-10T14:41:52.032342,cuda,navak,Linux,2.8.0+cu128
bilstm,data/splits_10s,0.0004,2.95e-06,"CNN=4.00e-04, RNN=2.95e-06",True,False,3.33e-05,256,85319,316612,22,12,True,0.3635017972813294,0.5674168920550413,0.3306750213614355,1.1484836403812682,0.38588242570774994,bilstm_seed85319_20251211_015718,2025-12-11T01:57:18.396992,cuda,tomra,Windows,2.9.1+cu128
cnn_only,data/splits,8.97e-05,,8.97e-05,False,False,1.35e-05,192,91382,44228,11,1,True,0.35680202832410146,0.5479255881357666,0.34824323430159465,1.30500000488909,0.3516842724127104,cnn_only_seed91382_20251210_215117,2025-12-10T21:51:17.275157,cuda,navak,Linux,2.8.0+cu128
cnn_lstm,data/splits,0.000505,2.87e-05,"CNN=5.05e-04, RNN=2.87e-05",True,False,2.84e-06,128,32720,308420,11,1,True,0.3562980873686034,0.5167809573279837,0.36670416197975253,1.3653756580432923,0.3448198901589791,cnn_lstm_seed32720_20251211_115155,2025-12-11T11:51:55.592711,cuda,navak,Linux,2.8.0+cu128
cnn_lstm_seq16,data/splits,0.000273,3.55e-06,"CNN=2.73e-04, RNN=3.55e-06",True,True,1.37e-05,64,45349,87588,22,12,True,0.35525092204789865,0.5379342770577513,0.3131079203334877,1.2770680973801432,0.3478428223203232,cnn_lstm_seq16_seed45349_20251211_125233,2025-12-11T12:52:33.214454,cuda,navak,Linux,2.8.0+cu128
cnn_only,data/splits_10s,2.96e-05,3.67e-06,"CNN=2.96e-05, RNN=3.67e-06",True,False,6.72e-05,128,85320,44228,14,4,True,0.3536380946105506,0.5363108976503276,0.35046995158074623,1.306029859456149,0.36587763274602125,cnn_only_seed85320_20251210_161313,2025-12-10T16:13:13.452312,cuda,navak,Linux,2.8.0+cu128
cnn_only,data/splits_20s,5.5e-05,1.47e-06,"CNN=5.50e-05, RNN=1.47e-06",True,False,8.42e-06,128,58262,44228,25,15,True,0.35186767180432255,0.5455968450840135,0.2808988764044944,1.254088580608368,0.3563233369762779,cnn_only_seed58262_20251210_161459,2025-12-10T16:14:59.860453,cuda,navak,Linux,2.8.0+cu128
cnn_only,data/splits,2.02e-05,2.46e-05,"CNN=2.02e-05, RNN=2.46e-05",True,False,0.000268,128,29150,44228,15,5,True,0.34911108200725244,0.5460847351736461,0.29352213326275395,1.3192714673130452,0.3572026469946105,cnn_only_seed29150_20251210_143938,2025-12-10T14:39:38.866305,cuda,navak,Linux,2.8.0+cu128
cnn_only,data/splits,1.3e-05,8.01e-05,"CNN=1.30e-05, RNN=8.01e-05",True,False,0.000403,256,13530,44228,23,13,True,0.3428335102976737,0.5489308201833292,0.2792298021570833,1.2929664850234985,0.34617110480297125,cnn_only_seed13530_20251210_143033,2025-12-10T14:30:33.514200,cuda,navak,Linux,2.8.0+cu128
cnn_only,data/splits_10s,0.000113,,1.13e-04,False,False,2.11e-05,192,95928,44228,12,2,True,0.33376327252611016,0.5393276823751962,0.3194246653375107,1.2814962670609757,0.3470420214210406,cnn_only_seed95928_20251211_025742,2025-12-11T02:57:42.592168,cuda,tomra,Windows,2.9.1+cu128
cnn_lstm_meanpool,data/splits_10s,0.00029,7.94e-06,"CNN=2.90e-04, RNN=7.94e-06",True,False,1.18e-05,192,35165,127348,19,9,True,0.3325507919984706,0.5790104895160314,0.31557960694958703,1.1242109762655723,0.35103609416466397,cnn_lstm_meanpool_seed35165_20251211_002447,2025-12-11T00:24:47.160593,cuda,tomra,Windows,2.9.1+cu128
attention,data/splits,0.0001,,1.00e-04,False,False,0.0001,64,42,127445,14,4,True,0.3325266651592496,0.5373780871814458,0.2753920465824125,1.367545761136566,0.3356102616394591,attention_seed42_20251208_125912,2025-12-08T12:59:12.130910,mps,tomrannosaurus,Darwin,2.9.1
cnn_lstm_seq16,data/splits,1.85e-05,1.41e-06,"CNN=1.85e-05, RNN=1.41e-06",True,False,0.000534,256,67290,87588,32,22,True,0.3276430473177056,0.5289656008735246,0.2676503672335076,1.3217584609985351,0.3125476131961036,cnn_lstm_seq16_seed67290_20251210_221931,2025-12-10T22:19:31.998460,cuda,navak,Linux,2.8.0+cu128
cnn_only,data/splits_10s,4.11e-05,,4.11e-05,False,False,1.18e-05,192,1863,44228,11,1,True,0.3246767431528388,0.5486322500665723,0.3063229849045856,1.3594541646338798,0.33577239463248887,cnn_only_seed1863_20251210_215420,2025-12-10T21:54:20.534052,cuda,navak,Linux,2.8.0+cu128
cnn_lstm,data/splits,0.000687,3.91e-06,"CNN=6.87e-04, RNN=3.91e-06",True,True,2.18e-06,128,67445,308420,23,13,True,0.3239629962486267,0.5196349648327486,0.30907166016012705,1.3607709778457129,0.3118903720249328,cnn_lstm_seed67445_20251211_115155,2025-12-11T11:51:55.591064,cuda,navak,Linux,2.8.0+cu128
cnn_lstm,data/splits,0.000128,9.55e-06,"CNN=1.28e-04, RNN=9.55e-06",True,True,6.23e-05,32,59158,308420,23,2,True,0.3234974644992837,0.5247904357501929,0.26851055382783034,1.3594220909457377,0.4278694732429756,cnn_lstm_seed59158_20251211_020112,2025-12-11T02:01:12.415208,cuda,tomra,Windows,2.9.1+cu128
cnn_only,data/splits_20s,5.14e-05,9.88e-05,"CNN=5.14e-05, RNN=9.88e-05",True,False,1.61e-06,128,63332,44228,11,1,True,0.31687222821409383,0.5473622648305768,0.33309169989126497,1.3633321632038464,0.32361046887262523,cnn_only_seed63332_20251210_170002,2025-12-10T17:00:02.307710,cuda,navak,Linux,2.8.0+cu128
cnn_bilstm_seq24,data/splits_10s,0.000101,2.16e-05,"CNN=1.01e-04, RNN=2.16e-05",True,False,0.000486,192,71399,316612,11,1,True,0.31448005851876026,0.5154798099109433,0.29621190544004555,1.3693229443318136,0.33016367613711933,cnn_bilstm_seq24_seed71399_20251210_223551,2025-12-10T22:35:51.226494,cuda,navak,Linux,2.8.0+cu128
cnn_bilstm_seq24,data/splits_10s,3.84e-05,1.61e-06,"CNN=3.84e-05, RNN=1.61e-06",True,True,5.61e-06,256,88720,316612,62,52,True,0.3140734196302327,0.5182153417340669,0.28752492167473653,1.3121506316321236,0.3246105920793917,cnn_bilstm_seq24_seed88720_20251211_003337,2025-12-11T00:33:37.357170,cuda,navak,Linux,2.8.0+cu128
cnn_lstm,data/splits,0.000608,1.22e-05,"CNN=6.08e-04, RNN=1.22e-05",True,False,2.24e-05,192,77717,308420,11,1,True,0.3076701014992336,0.5106207272893397,0.2933897968636273,1.3775954940651036,0.30095426055516833,cnn_lstm_seed77717_20251211_121635,2025-12-11T12:16:35.544206,cuda,navak,Linux,2.8.0+cu128
cnn_lstm_meanpool,data/splits_20s,2.82e-05,2.26e-06,"CNN=2.82e-05, RNN=2.26e-06",True,True,4.82e-06,256,93349,127348,59,49,True,0.29337429310913643,0.5274967477531126,0.2439289597680319,1.3108575994318181,0.31714289303133003,cnn_lstm_meanpool_seed93349_20251211_010422,2025-12-11T01:04:22.171064,cuda,tomra,Windows,2.9.1+cu128
cnn_lstm_ln,data/splits_10s,1.34e-05,4.67e-06,"CNN=1.34e-05, RNN=4.67e-06",True,False,8.55e-05,192,41035,308676,31,21,True,0.2893872696440433,0.5047145986058694,0.2833950441469667,1.3824265357610341,0.28825237500593787,cnn_lstm_ln_seed41035_20251210_215002,2025-12-10T21:50:02.466392,cuda,navak,Linux,2.8.0+cu128
cnn_lstm,data/splits_10s,1.8e-05,9.98e-05,"CNN=1.80e-05, RNN=9.98e-05",True,False,6.1e-05,192,58353,308420,17,7,True,0.2675894140341898,0.5147849624304393,0.2598974651096554,1.2106527927759532,0.274337864626093,cnn_lstm_seed58353_20251211_010647,2025-12-11T01:06:47.305044,cuda,tomra,Windows,2.9.1+cu128
residual,data/splits,0.0001,,1.00e-04,False,False,0.0001,64,42,139732,11,1,True,0.2613122972696609,0.5334546951269276,0.23211804406802092,1.2873651568899678,0.252003684678086,residual_seed42_20251208_130038,2025-12-08T13:00:38.380797,mps,tomrannosaurus,Darwin,2.9.1
attention,data/splits_10s,0.00021,1.95e-06,"CNN=2.10e-04, RNN=1.95e-06",True,False,0.000354,256,92058,127445,37,27,True,0.23532411512415174,0.5641628039623379,0.22258615778980348,1.1634525997298104,0.23799721430562404,attention_seed92058_20251211_040331,2025-12-11T04:03:31.850165,cuda,navak,Linux,2.8.0+cu128
cnn_lstm_ln,data/splits,6.35e-05,2.79e-05,"CNN=6.35e-05, RNN=2.79e-05",True,True,0.000161,128,46771,308676,22,1,True,0.20157308846475028,0.5051540584035245,0.20704029643353405,1.3772575444534045,0.2971966807603377,cnn_lstm_ln_seed46771_20251210_223100,2025-12-10T22:31:01.339124,cuda,tomra,Windows,2.9.1+cu128
cnn_lstm,data/splits,2.3e-05,1.17e-06,"CNN=2.30e-05, RNN=1.17e-06",True,False,1.29e-06,128,62807,308420,30,20,True,0.15650721218947825,0.5084418651717566,0.24363131079203335,1.3765564716162801,0.16271819143182342,cnn_lstm_seed62807_20251210_220935,2025-12-10T22:09:36.477311,cuda,tomra,Windows,2.9.1+cu128
simple_lstm,data/splits_20s,0.000132,3.14e-06,"CNN=1.32e-04, RNN=3.14e-06",True,True,1.65e-06,192,40884,57044,37,6,True,0.13026758408014985,0.5226891648799327,0.18992388546574845,1.3729349056879678,0.13826464680691594,simple_lstm_seed40884_20251211_023449,2025-12-11T02:34:49.051665,cuda,navak,Linux,2.8.0+cu128
cnn_lstm,data/splits_20s,5.57e-05,2.43e-06,"CNN=5.57e-05, RNN=2.43e-06",True,True,1.41e-05,192,25797,308420,22,12,True,0.014258707315818693,0.49926390863422865,0.08807538963392533,1.3877443710962931,0.011909640999864673,cnn_lstm_seed25797_20251211_113856,2025-12-11T11:38:56.386728,cuda,navak,Linux,2.8.0+cu128
cnn_lstm,data/splits_20s,1.71e-05,2.72e-06,"CNN=1.71e-05, RNN=2.72e-06",True,True,1.42e-05,128,87129,308420,22,12,True,0.014258707315818693,0.5026741867391085,0.08807538963392533,1.3863494775512002,0.011909640999864673,cnn_lstm_seed87129_20251211_023358,2025-12-11T02:33:58.223400,cuda,tomra,Windows,2.9.1+cu128
cnn_lstm,data/splits_20s,1.14e-05,3.85e-05,"CNN=1.14e-05, RNN=3.85e-05",True,False,2.88e-05,256,6318,308420,11,1,True,0.014258707315818693,0.5215540379016215,0.08807538963392533,1.391037334095348,0.011909640999864673,cnn_lstm_seed6318_20251210_215728,2025-12-10T21:57:28.918912,cuda,tomra,Windows,2.9.1+cu128
cnn_lstm,data/splits_10s,2.18e-05,1.41e-06,"CNN=2.18e-05, RNN=1.41e-06",True,False,0.000114,128,98198,308420,11,1,True,0.013109910037701315,0.48781242811519315,0.0843064653944745,1.3921992648731578,0.0149940181441494,cnn_lstm_seed98198_20251211_122233,2025-12-11T12:22:33.703020,cuda,navak,Linux,2.8.0+cu128
